video_name,mos
3339962845.mp4,4.992524
8171831850.mp4,4.7722339555091
6076608135.mp4,4.72274
8751538577.mp4,4.72274
7518773518.mp4,4.632812
8657921837.mp4,4.61033
8758952624.mp4,4.61033
9571377943.mp4,4.587848
8562619627.mp4,4.565366
12262452854.mp4,4.542884
12379836133.mp4,4.542884
12355531285.mp4,4.520402
6947112934.mp4,4.475438
4675931801.mp4,4.452956
6787309364.mp4,4.452956
5391431291.mp4,4.4437966668332
10244479353.mp4,4.430474
10283826203.mp4,4.430474
10595581344.mp4,4.430474
4779773181.mp4,4.430474
8286421427.mp4,4.430474
11618284403.mp4,4.407992
5893119747.mp4,4.407992
6913535960.mp4,4.3925909453333
13288073854.mp4,4.38551
5355837503.mp4,4.38551
11540616946.mp4,4.363028
3407992311.mp4,4.363028
9633321480.mp4,4.363028
10008004183.mp4,4.340546
7177696763.mp4,4.340546
5477809421.mp4,4.318064
5489207006.mp4,4.318064
6900620920.mp4,4.318064
9060241382.mp4,4.318064
9480678073.mp4,4.318064
9513903384.mp4,4.318064
9917916796.mp4,4.318064
12378508014.mp4,4.3130877475643
3369925072.mp4,4.295582
3863745355.mp4,4.295582
3963620197.mp4,4.295582
4329911079.mp4,4.295582
6137257339.mp4,4.295582
8667534666.mp4,4.295582
8701032421.mp4,4.295582
9709640314.mp4,4.295582
12123666684.mp4,4.2731
6914710581.mp4,4.2731
4549036485.mp4,4.2646481202923
4273096444.mp4,4.250618
4800261002.mp4,4.250618
9464591256.mp4,4.250618
12255205254.mp4,4.228136
7977126554.mp4,4.228136
8182527128.mp4,4.228136
8420230247.mp4,4.228136
6528988807.mp4,4.211141732549
10149337843.mp4,4.205654
11465976586.mp4,4.205654
11535683914.mp4,4.205654
4655662252.mp4,4.205654
7029270875.mp4,4.205654
8859509880.mp4,4.205654
11383768246.mp4,4.183172
5487345956.mp4,4.183172
5875944717.mp4,4.183172
6492110563.mp4,4.183172
6949440526.mp4,4.183172
7197025396.mp4,4.183172
7385692814.mp4,4.183172
7832506570.mp4,4.183172
8052505414.mp4,4.183172
8172276744.mp4,4.183172
8440192357.mp4,4.183172
11864752706.mp4,4.16069
12704590184.mp4,4.16069
4417558772.mp4,4.16069
4495254692.mp4,4.16069
4545845826.mp4,4.16069
5562932712.mp4,4.16069
8414555471.mp4,4.16069
8751856572.mp4,4.16069
8937776831.mp4,4.16069
8953002659.mp4,4.16069
10636855406.mp4,4.138208
12101500915.mp4,4.138208
12465909365.mp4,4.138208
4713503488.mp4,4.138208
5279319629.mp4,4.138208
8588854353.mp4,4.138208
9583034514.mp4,4.138208
5669052182.mp4,4.1380337206601
4279268661.mp4,4.115726
4482595368.mp4,4.115726
5154464760.mp4,4.115726
5280283886.mp4,4.115726
8991258489.mp4,4.115726
9525693928.mp4,4.115726
5360605734.mp4,4.093244
5831253770.mp4,4.093244
5917982116.mp4,4.093244
6798366426.mp4,4.093244
8331955206.mp4,4.093244
9267867823.mp4,4.093244
9680817388.mp4,4.093244
9724431856.mp4,4.093244
9753414792.mp4,4.093244
4803433208.mp4,4.0747294120292
3747645672.mp4,4.070762
4029116553.mp4,4.070762
5660712402.mp4,4.070762
6313769652.mp4,4.070762
6971190423.mp4,4.070762
8431144343.mp4,4.070762
9542585542.mp4,4.070762
9617144245.mp4,4.070762
10027007645.mp4,4.04828
3489123822.mp4,4.04828
5338017301.mp4,4.04828
6538025379.mp4,4.04828
7066660513.mp4,4.04828
7954124226.mp4,4.04828
8646141367.mp4,4.04828
8679156964.mp4,4.04828
8738388681.mp4,4.04828
9095814754.mp4,4.04828
9390723258.mp4,4.04828
9513714022.mp4,4.04828
9740517228.mp4,4.04828
8995404511.mp4,4.0463078946974
3358799122.mp4,4.0322214288926
4297792287.mp4,4.025798
4975471705.mp4,4.025798
5688399126.mp4,4.025798
5770178686.mp4,4.025798
6313200205.mp4,4.025798
7644822866.mp4,4.025798
9515797648.mp4,4.025798
11013388203.mp4,4.003316
11816978255.mp4,4.003316
4313579496.mp4,4.003316
6416725133.mp4,4.003316
6806699713.mp4,4.003316
7274180028.mp4,4.003316
7667993154.mp4,4.003316
8118947664.mp4,4.003316
8331282929.mp4,4.003316
10013374164.mp4,3.980834
10541657773.mp4,3.980834
5212573386.mp4,3.980834
5705527370.mp4,3.980834
7383994638.mp4,3.980834
7983610133.mp4,3.980834
8442879599.mp4,3.980834
8480588816.mp4,3.980834
8494495600.mp4,3.980834
8587384006.mp4,3.980834
9258419063.mp4,3.980834
9812351333.mp4,3.980834
12279842993.mp4,3.958352
12859019173.mp4,3.958352
3819966572.mp4,3.958352
3975461732.mp4,3.958352
4201416279.mp4,3.958352
4980230630.mp4,3.958352
6373417661.mp4,3.958352
6677269327.mp4,3.958352
6772996477.mp4,3.958352
6844033217.mp4,3.958352
8429349812.mp4,3.958352
8773297527.mp4,3.958352
9478631712.mp4,3.9430071424646
10019485755.mp4,3.93587
10837320963.mp4,3.93587
11646665363.mp4,3.93587
4363644898.mp4,3.93587
4673672619.mp4,3.93587
4712606231.mp4,3.93587
5340069287.mp4,3.93587
5756899543.mp4,3.93587
6598948831.mp4,3.93587
7849542524.mp4,3.93587
8730797431.mp4,3.93587
8931854960.mp4,3.93587
3459410764.mp4,3.9279406637978
10115791113.mp4,3.913388
10403478556.mp4,3.913388
12623549414.mp4,3.913388
13079468475.mp4,3.913388
4283455837.mp4,3.913388
5341444640.mp4,3.913388
5739175520.mp4,3.913388
5831807090.mp4,3.913388
6027407703.mp4,3.913388
6293871635.mp4,3.913388
6514514177.mp4,3.913388
6847647728.mp4,3.913388
6867862287.mp4,3.913388
7313643370.mp4,3.913388
8088901520.mp4,3.913388
8252040986.mp4,3.913388
8915047035.mp4,3.913388
8741017589.mp4,3.9094205879708
3588022983.mp4,3.890906
3718963712.mp4,3.890906
4161940753.mp4,3.890906
4227960041.mp4,3.890906
5596033251.mp4,3.890906
8510251919.mp4,3.890906
8631895364.mp4,3.890906
8683385786.mp4,3.890906
8955950667.mp4,3.890906
9802042845.mp4,3.890906
10931366544.mp4,3.868424
13154058393.mp4,3.868424
3546788918.mp4,3.868424
5082292308.mp4,3.868424
5263204150.mp4,3.868424
5632758635.mp4,3.868424
7396603710.mp4,3.868424
7992241767.mp4,3.868424
8069880437.mp4,3.868424
8195185860.mp4,3.868424
8717647202.mp4,3.868424
5011231037.mp4,3.848135366402
3948863216.mp4,3.845942
4484771725.mp4,3.845942
5693366090.mp4,3.845942
6107338487.mp4,3.845942
6625655725.mp4,3.845942
6694553789.mp4,3.845942
6932589551.mp4,3.845942
8355599976.mp4,3.845942
12088104156.mp4,3.82346
13286356624.mp4,3.82346
3516162818.mp4,3.82346
3611217365.mp4,3.82346
3860380907.mp4,3.82346
4375496636.mp4,3.82346
5029525594.mp4,3.82346
5067647428.mp4,3.82346
5516081814.mp4,3.82346
6106291030.mp4,3.82346
7198853624.mp4,3.82346
7358630018.mp4,3.82346
7500126174.mp4,3.82346
7703064692.mp4,3.82346
8589300397.mp4,3.82346
8965205906.mp4,3.82346
9521557660.mp4,3.82346
12893918213.mp4,3.8226019081481
5003956763.mp4,3.8217239377118
12382276334.mp4,3.8087034750467
10657154643.mp4,3.800978
5140332158.mp4,3.800978
5816132223.mp4,3.800978
6249802707.mp4,3.800978
6300963347.mp4,3.800978
7935377214.mp4,3.800978
7986004475.mp4,3.800978
8147563408.mp4,3.800978
8476574247.mp4,3.800978
8552723245.mp4,3.800978
8610122536.mp4,3.800978
9363436148.mp4,3.800978
9725289895.mp4,3.800978
3722785424.mp4,3.7913428566611
5678628993.mp4,3.7866197481731
11803329033.mp4,3.778496
13036222674.mp4,3.778496
3647017501.mp4,3.778496
4397381332.mp4,3.778496
5690367902.mp4,3.778496
5914289359.mp4,3.778496
8229018279.mp4,3.778496
8886176135.mp4,3.778496
8957212602.mp4,3.778496
9586728257.mp4,3.778496
9830655414.mp4,3.778496
12893008605.mp4,3.772488663467
3488252741.mp4,3.756014
3521396571.mp4,3.756014
3860907449.mp4,3.756014
4837816091.mp4,3.756014
5215773911.mp4,3.756014
5941263615.mp4,3.756014
6368379561.mp4,3.756014
6716265511.mp4,3.756014
7057951213.mp4,3.756014
7360639566.mp4,3.756014
8201673711.mp4,3.756014
8487362151.mp4,3.756014
8587203405.mp4,3.756014
8616015387.mp4,3.756014
5583994811.mp4,3.7438362503747
4373113207.mp4,3.733532
4620516469.mp4,3.733532
4642629203.mp4,3.733532
5028474013.mp4,3.733532
5307981340.mp4,3.733532
5459565205.mp4,3.733532
5465225347.mp4,3.733532
5882410880.mp4,3.733532
6809728071.mp4,3.733532
7585780552.mp4,3.733532
8664958871.mp4,3.733532
12277706754.mp4,3.71105
12412571563.mp4,3.71105
3437816776.mp4,3.71105
3459287580.mp4,3.71105
4567868868.mp4,3.71105
4942462682.mp4,3.71105
5079146602.mp4,3.71105
5379891328.mp4,3.71105
5845660280.mp4,3.71105
6272702003.mp4,3.71105
6279406877.mp4,3.71105
6722692103.mp4,3.71105
6907839104.mp4,3.71105
7236880666.mp4,3.71105
8408744905.mp4,3.71105
8491617830.mp4,3.71105
4281436885.mp4,3.7046871702143
5564650233.mp4,3.6933476383529
5354932311.mp4,3.6889220476601
13196703974.mp4,3.688568
3629928686.mp4,3.688568
4161747134.mp4,3.688568
4733600732.mp4,3.688568
4751595925.mp4,3.688568
5032172516.mp4,3.688568
5052341075.mp4,3.688568
5273433233.mp4,3.688568
6095633507.mp4,3.688568
6215522900.mp4,3.688568
6849313907.mp4,3.688568
7012065923.mp4,3.688568
7287123594.mp4,3.688568
7892371292.mp4,3.688568
8084631711.mp4,3.688568
8495275628.mp4,3.688568
8646170532.mp4,3.688568
8921577578.mp4,3.688568
4763574191.mp4,3.6764623074329
10053703034.mp4,3.666086
4736973814.mp4,3.666086
4801224837.mp4,3.666086
5956380805.mp4,3.666086
6340576433.mp4,3.666086
6946901845.mp4,3.666086
7054450817.mp4,3.666086
7425861358.mp4,3.666086
8918155991.mp4,3.666086
12143576166.mp4,3.643604
2999049224.mp4,3.643604
3627681183.mp4,3.643604
3825035703.mp4,3.643604
4743183444.mp4,3.643604
4801560427.mp4,3.643604
5357123491.mp4,3.643604
5920289173.mp4,3.643604
6411380421.mp4,3.643604
7521145978.mp4,3.643604
7622034108.mp4,3.643604
8026448058.mp4,3.643604
4088281204.mp4,3.641095278584
10270536464.mp4,3.621122
11920895013.mp4,3.621122
4328729913.mp4,3.621122
4877128768.mp4,3.621122
5911601461.mp4,3.621122
5947649803.mp4,3.621122
6621826551.mp4,3.621122
6648629457.mp4,3.621122
7198246948.mp4,3.621122
8178490084.mp4,3.621122
8267321210.mp4,3.621122
8455309721.mp4,3.621122
9633125766.mp4,3.621122
9732912473.mp4,3.621122
9969637164.mp4,3.621122
10124821225.mp4,3.59864
10249998364.mp4,3.59864
11617643563.mp4,3.59864
12823937005.mp4,3.59864
4289215378.mp4,3.59864
5902098420.mp4,3.59864
6226852017.mp4,3.59864
6300501644.mp4,3.59864
6350328925.mp4,3.59864
6792594754.mp4,3.59864
6794539977.mp4,3.59864
7146539585.mp4,3.59864
7664727482.mp4,3.59864
8097209231.mp4,3.59864
8380926104.mp4,3.59864
9277742312.mp4,3.59864
6242642418.mp4,3.5968121954144
3699089579.mp4,3.576158
3810054574.mp4,3.576158
5130906896.mp4,3.576158
5245445672.mp4,3.576158
5526460224.mp4,3.576158
5541058845.mp4,3.576158
5611452609.mp4,3.576158
6004183559.mp4,3.576158
6319757818.mp4,3.576158
7541374876.mp4,3.576158
8424428827.mp4,3.576158
8484812859.mp4,3.576158
8716622241.mp4,3.576158
9317770917.mp4,3.576158
12276570315.mp4,3.5595408692231
12020933633.mp4,3.553676
4931493432.mp4,3.553676
5363205423.mp4,3.553676
5641862023.mp4,3.553676
5769119862.mp4,3.553676
6012598017.mp4,3.553676
6157684615.mp4,3.553676
6416687735.mp4,3.553676
6490001399.mp4,3.553676
6811275923.mp4,3.553676
7760313026.mp4,3.553676
8236900278.mp4,3.553676
8548046708.mp4,3.553676
9737640625.mp4,3.553676
5455582932.mp4,3.5449897724207
10838934973.mp4,3.531194
11971608074.mp4,3.531194
4337949901.mp4,3.531194
4526948676.mp4,3.531194
5621520605.mp4,3.531194
5912268467.mp4,3.531194
6304997355.mp4,3.531194
8522230898.mp4,3.531194
9209826160.mp4,3.531194
9434801897.mp4,3.531194
9586935224.mp4,3.531194
10340094005.mp4,3.508712
11673027224.mp4,3.508712
4260295122.mp4,3.508712
4265466447.mp4,3.508712
4945025836.mp4,3.508712
5023426388.mp4,3.508712
5101801222.mp4,3.508712
5579073175.mp4,3.508712
5825661459.mp4,3.508712
6041834062.mp4,3.508712
6471207533.mp4,3.508712
6866970306.mp4,3.508712
8069868772.mp4,3.508712
8967888670.mp4,3.508712
3337642103.mp4,3.4959444440975
11082897705.mp4,3.48623
12836715003.mp4,3.48623
4391946048.mp4,3.48623
4573734018.mp4,3.48623
5318369391.mp4,3.48623
5512609909.mp4,3.48623
5672502803.mp4,3.48623
6079632868.mp4,3.48623
6291796040.mp4,3.48623
6680559525.mp4,3.48623
6865667129.mp4,3.48623
6981897920.mp4,3.48623
7548202460.mp4,3.48623
7700672030.mp4,3.48623
7834396986.mp4,3.48623
8031519344.mp4,3.48623
8322973249.mp4,3.48623
8387302863.mp4,3.48623
9659398278.mp4,3.48623
11086166076.mp4,3.463748
12816380173.mp4,3.463748
4184711791.mp4,3.463748
4729578673.mp4,3.463748
5030830413.mp4,3.463748
5127033299.mp4,3.463748
5206708965.mp4,3.463748
5995204968.mp4,3.463748
6444142351.mp4,3.463748
6937597827.mp4,3.463748
7547764246.mp4,3.463748
8298917863.mp4,3.463748
8541047953.mp4,3.463748
9086621277.mp4,3.463748
9726323401.mp4,3.4547552
5010279097.mp4,3.4512789915683
10655599784.mp4,3.441266
12330492194.mp4,3.441266
12788630734.mp4,3.441266
4323977167.mp4,3.441266
4981160522.mp4,3.441266
5005236579.mp4,3.441266
5539585646.mp4,3.441266
6381011947.mp4,3.441266
6408909511.mp4,3.441266
6660107279.mp4,3.441266
6868748154.mp4,3.441266
8193379879.mp4,3.441266
9675032717.mp4,3.441266
7123482247.mp4,3.4390903224356
10408715786.mp4,3.4342194026663
10533906564.mp4,3.418784
11902527296.mp4,3.418784
12682619933.mp4,3.418784
12989512873.mp4,3.418784
4557456762.mp4,3.418784
4987165854.mp4,3.418784
5921571324.mp4,3.418784
6760172457.mp4,3.418784
6894958520.mp4,3.418784
6935410837.mp4,3.418784
8207372644.mp4,3.418784
8772282000.mp4,3.418784
5900513019.mp4,3.4094092667912
10314276135.mp4,3.396302
4542323058.mp4,3.396302
4842303128.mp4,3.396302
5026138416.mp4,3.396302
5356092090.mp4,3.396302
5879908897.mp4,3.396302
6210381577.mp4,3.396302
8240363350.mp4,3.396302
8643275693.mp4,3.396302
8717841410.mp4,3.396302
13276560083.mp4,3.37382
3482706595.mp4,3.37382
4136131472.mp4,3.37382
4281880002.mp4,3.37382
4843048363.mp4,3.37382
4922109288.mp4,3.37382
5066571585.mp4,3.37382
5360118581.mp4,3.37382
6273360207.mp4,3.37382
6669111911.mp4,3.37382
7481217984.mp4,3.37382
8486027818.mp4,3.37382
8986658663.mp4,3.37382
9085955167.mp4,3.37382
12965735905.mp4,3.351338
4406917423.mp4,3.351338
5040855662.mp4,3.351338
5075205526.mp4,3.351338
5214650735.mp4,3.351338
5723108521.mp4,3.351338
6333567508.mp4,3.351338
6868110990.mp4,3.351338
6995540661.mp4,3.351338
8467238180.mp4,3.351338
11944451643.mp4,3.328856
3589925544.mp4,3.328856
4067736860.mp4,3.328856
4652600104.mp4,3.328856
5246827285.mp4,3.328856
5467704373.mp4,3.328856
5618829039.mp4,3.328856
6100104774.mp4,3.328856
6191735552.mp4,3.328856
6571028091.mp4,3.328856
7341359052.mp4,3.328856
7591242800.mp4,3.328856
8148981356.mp4,3.328856
8254380270.mp4,3.328856
8435518163.mp4,3.328856
8670600555.mp4,3.328856
9195826668.mp4,3.328856
9536307250.mp4,3.328856
3240926995.mp4,3.31585859375
10864372176.mp4,3.306374
3699539878.mp4,3.306374
4202404174.mp4,3.306374
4582086726.mp4,3.306374
4979493912.mp4,3.306374
5987864177.mp4,3.306374
6021943274.mp4,3.306374
6109922367.mp4,3.306374
8152764264.mp4,3.306374
8156543755.mp4,3.306374
8266961231.mp4,3.306374
8281263977.mp4,3.306374
5589046662.mp4,3.3001394963462
3664548641.mp4,3.2856552936107
10208239954.mp4,3.283892
10804894696.mp4,3.283892
13042523904.mp4,3.283892
13255378043.mp4,3.283892
3425371223.mp4,3.283892
4809572333.mp4,3.283892
4864754515.mp4,3.283892
5176278265.mp4,3.283892
5590704113.mp4,3.283892
5706858082.mp4,3.283892
6047579133.mp4,3.283892
6527804569.mp4,3.283892
6582418637.mp4,3.283892
6932519097.mp4,3.283892
8056761129.mp4,3.283892
8129160337.mp4,3.283892
8536800170.mp4,3.283892
10602272313.mp4,3.26141
10609570083.mp4,3.26141
12626612584.mp4,3.26141
12899309364.mp4,3.26141
3015973424.mp4,3.26141
4593126957.mp4,3.26141
5143368697.mp4,3.26141
5250183455.mp4,3.26141
5974403907.mp4,3.26141
6696625151.mp4,3.26141
6948249567.mp4,3.26141
7520968610.mp4,3.26141
7693986854.mp4,3.26141
8039435442.mp4,3.26141
9093682547.mp4,3.26141
10116604143.mp4,3.238928
3359662128.mp4,3.238928
3617102785.mp4,3.238928
4491961485.mp4,3.238928
4761429801.mp4,3.238928
4867899444.mp4,3.238928
4969714039.mp4,3.238928
5115193359.mp4,3.238928
5223525504.mp4,3.238928
5260933475.mp4,3.238928
6104508040.mp4,3.238928
6250048696.mp4,3.238928
6338210961.mp4,3.238928
6439107119.mp4,3.238928
6867926575.mp4,3.238928
8253260683.mp4,3.238928
8565847545.mp4,3.238928
8733102851.mp4,3.238928
11403577283.mp4,3.216446
3431305644.mp4,3.216446
4383007820.mp4,3.216446
4850105788.mp4,3.216446
4876943348.mp4,3.216446
5458000924.mp4,3.216446
5815295661.mp4,3.216446
6060761361.mp4,3.216446
6181812275.mp4,3.216446
8005708131.mp4,3.216446
8124951690.mp4,3.216446
9766188655.mp4,3.216446
10838718774.mp4,3.193964
3263720175.mp4,3.193964
3321308714.mp4,3.193964
3904711682.mp4,3.193964
5218123691.mp4,3.193964
5329960963.mp4,3.193964
5633788395.mp4,3.193964
5972627544.mp4,3.193964
6671136435.mp4,3.193964
6959318659.mp4,3.193964
7548330816.mp4,3.193964
7969995368.mp4,3.193964
9459232387.mp4,3.193964
4335304419.mp4,3.171482
4414516665.mp4,3.171482
4615948555.mp4,3.171482
5479646341.mp4,3.171482
5717841095.mp4,3.171482
6021794037.mp4,3.171482
6518466029.mp4,3.171482
6953979425.mp4,3.171482
6971497024.mp4,3.171482
7453163014.mp4,3.171482
7526781566.mp4,3.171482
7542896986.mp4,3.171482
8072548302.mp4,3.171482
8331470149.mp4,3.171482
9089204842.mp4,3.171482
9098899158.mp4,3.171482
10838546955.mp4,3.149
12044525214.mp4,3.149
4723346787.mp4,3.149
4771991539.mp4,3.149
5218188823.mp4,3.149
5440091902.mp4,3.149
5622498540.mp4,3.149
5737374844.mp4,3.149
5786034294.mp4,3.149
5996750151.mp4,3.149
6281135899.mp4,3.149
8976267501.mp4,3.149
9425570317.mp4,3.149
12274927193.mp4,3.126518
4956991827.mp4,3.126518
5169144673.mp4,3.126518
6858182534.mp4,3.126518
7402519316.mp4,3.126518
7681404078.mp4,3.126518
8007634384.mp4,3.126518
8151400613.mp4,3.126518
8688311915.mp4,3.126518
10016324794.mp4,3.104036
11913590004.mp4,3.104036
3357588876.mp4,3.104036
4286406568.mp4,3.104036
4870064087.mp4,3.104036
5698463243.mp4,3.104036
6775766604.mp4,3.104036
6804829908.mp4,3.104036
7897815844.mp4,3.104036
8299847304.mp4,3.104036
9908050493.mp4,3.104036
4020832533.mp4,3.0912399211841
12758594775.mp4,3.081554
4932309592.mp4,3.081554
5204063512.mp4,3.081554
5559135240.mp4,3.081554
6638842709.mp4,3.081554
6830500351.mp4,3.081554
7556474634.mp4,3.081554
8223463984.mp4,3.081554
8563986596.mp4,3.081554
7208119980.mp4,3.074643190574
12633847193.mp4,3.059072
3218223446.mp4,3.059072
3710887216.mp4,3.059072
4453069241.mp4,3.059072
4465669054.mp4,3.059072
6408210773.mp4,3.059072
6694501209.mp4,3.059072
7395710342.mp4,3.059072
6849945228.mp4,3.056788671875
12186470506.mp4,3.03659
3715429501.mp4,3.03659
4236199952.mp4,3.03659
4971091773.mp4,3.03659
5469530975.mp4,3.03659
5649370618.mp4,3.03659
5823644068.mp4,3.03659
5988574543.mp4,3.03659
5999732346.mp4,3.03659
7141804343.mp4,3.03659
8132161360.mp4,3.03659
9144368303.mp4,3.03659
3781419322.mp4,3.034198297394
10521676086.mp4,3.014108
12923454185.mp4,3.014108
3179649855.mp4,3.014108
4367069947.mp4,3.014108
5170915466.mp4,3.014108
5311187352.mp4,3.014108
5490599661.mp4,3.014108
5561000398.mp4,3.014108
6065207696.mp4,3.014108
6812860936.mp4,3.014108
7122092993.mp4,3.014108
9812197286.mp4,3.014108
10128248563.mp4,2.991626
10500520233.mp4,2.991626
12912266335.mp4,2.991626
3930579113.mp4,2.991626
4033322131.mp4,2.991626
4297535685.mp4,2.991626
5653702857.mp4,2.991626
5668795950.mp4,2.991626
6062892973.mp4,2.991626
6092433561.mp4,2.991626
7005478889.mp4,2.991626
7117529219.mp4,2.991626
7246583832.mp4,2.991626
7381539666.mp4,2.991626
8098521993.mp4,2.991626
8842319020.mp4,2.991626
9083519636.mp4,2.991626
4299787720.mp4,2.9801628463652
10691750555.mp4,2.969144
12816958564.mp4,2.969144
3583315023.mp4,2.969144
5379210063.mp4,2.969144
6320892865.mp4,2.969144
6916420878.mp4,2.969144
8366966088.mp4,2.969144
8396734122.mp4,2.969144
4734666961.mp4,2.946662
4901210888.mp4,2.946662
5149271412.mp4,2.946662
5609569195.mp4,2.946662
6135877141.mp4,2.946662
6874423527.mp4,2.946662
7556185878.mp4,2.946662
7734422826.mp4,2.946662
3469529939.mp4,2.92418
4956521693.mp4,2.92418
7068941889.mp4,2.92418
8182593817.mp4,2.92418
7532463480.mp4,2.9161187248085
11057110163.mp4,2.901698
5003283158.mp4,2.901698
6061346837.mp4,2.901698
6210062524.mp4,2.901698
6879288904.mp4,2.901698
7192436890.mp4,2.901698
7633708420.mp4,2.901698
8403451337.mp4,2.901698
8728910927.mp4,2.901698
8909265380.mp4,2.901698
7344072960.mp4,2.8903158995957
5118641893.mp4,2.879216
5322533709.mp4,2.879216
6178882861.mp4,2.879216
6324422954.mp4,2.879216
7812985864.mp4,2.879216
7820483368.mp4,2.879216
7879889838.mp4,2.879216
8002170390.mp4,2.879216
9382662040.mp4,2.879216
3878700690.mp4,2.856734
4211514567.mp4,2.856734
5012335397.mp4,2.856734
5263261013.mp4,2.856734
5754220740.mp4,2.856734
5901642116.mp4,2.856734
6058824138.mp4,2.856734
6111574885.mp4,2.856734
7173586391.mp4,2.856734
7361913318.mp4,2.856734
8459254855.mp4,2.856734
8479364057.mp4,2.856734
9494995600.mp4,2.856734
4477789338.mp4,2.834252
5295005655.mp4,2.834252
6864942042.mp4,2.834252
6867937233.mp4,2.834252
6924551254.mp4,2.834252
7005111650.mp4,2.834252
8531461869.mp4,2.834252
8586743266.mp4,2.834252
11367153336.mp4,2.81177
3590551873.mp4,2.81177
4783174196.mp4,2.81177
5893880541.mp4,2.81177
6982428911.mp4,2.81177
7734563104.mp4,2.81177
8215074237.mp4,2.81177
8729448612.mp4,2.81177
9248029519.mp4,2.81177
5880475570.mp4,2.8068826087934
11425159465.mp4,2.789288
3861648412.mp4,2.789288
4626131441.mp4,2.789288
5111411754.mp4,2.789288
5162398156.mp4,2.789288
5203755303.mp4,2.789288
5418971855.mp4,2.789288
6554989029.mp4,2.789288
6868246166.mp4,2.789288
8689455432.mp4,2.789288
9387089233.mp4,2.789288
11925275803.mp4,2.766806
13291575674.mp4,2.766806
5694745216.mp4,2.766806
5827345790.mp4,2.766806
6059786344.mp4,2.766806
6208528782.mp4,2.766806
7616950966.mp4,2.766806
8230249635.mp4,2.766806
8235549337.mp4,2.766806
12032110574.mp4,2.744324
4565232312.mp4,2.744324
4836718842.mp4,2.744324
5110540070.mp4,2.744324
6296962313.mp4,2.744324
6343817087.mp4,2.744324
7959542546.mp4,2.744324
8319369964.mp4,2.744324
10406095776.mp4,2.721842
6073473868.mp4,2.721842
6280406572.mp4,2.721842
8667333526.mp4,2.721842
8078127133.mp4,2.7205694344925
11435365925.mp4,2.69936
5222599467.mp4,2.69936
5369095478.mp4,2.69936
6096558457.mp4,2.69936
6346933640.mp4,2.69936
6838572151.mp4,2.69936
6971905222.mp4,2.69936
7151780093.mp4,2.69936
7383232724.mp4,2.69936
8078333220.mp4,2.69936
5147152978.mp4,2.6966729086442
10238939436.mp4,2.676878
12031712185.mp4,2.676878
3591184129.mp4,2.676878
4573266245.mp4,2.676878
5805360253.mp4,2.676878
6215542986.mp4,2.676878
6929069239.mp4,2.676878
8217524401.mp4,2.676878
9524637688.mp4,2.676878
4573314147.mp4,2.654396
4642004278.mp4,2.654396
4996677282.mp4,2.654396
5266562897.mp4,2.654396
6223104346.mp4,2.654396
6724048499.mp4,2.654396
7819697028.mp4,2.654396
9651230522.mp4,2.654396
4270576961.mp4,2.631914
5409101281.mp4,2.631914
5644303578.mp4,2.631914
6024650797.mp4,2.631914
8583146942.mp4,2.631914
8604343265.mp4,2.631914
10411421606.mp4,2.609432
4159445902.mp4,2.609432
4889669313.mp4,2.609432
5004709068.mp4,2.609432
5621374631.mp4,2.609432
5636445745.mp4,2.609432
5960200024.mp4,2.609432
6294328198.mp4,2.609432
6812062788.mp4,2.609432
7938991482.mp4,2.609432
12439507093.mp4,2.58695
12952440214.mp4,2.58695
5072411175.mp4,2.58695
5493602442.mp4,2.58695
5620430600.mp4,2.58695
6015938306.mp4,2.58695
8675766145.mp4,2.58695
9298912586.mp4,2.58695
3744752110.mp4,2.564468
4871910775.mp4,2.564468
5319413177.mp4,2.564468
5858864133.mp4,2.564468
5941894437.mp4,2.564468
6340146486.mp4,2.564468
7177427229.mp4,2.564468
8013211059.mp4,2.564468
8317937019.mp4,2.564468
8699104416.mp4,2.564468
8731237129.mp4,2.564468
10785115855.mp4,2.541986
4897814885.mp4,2.541986
5119193300.mp4,2.541986
5346134105.mp4,2.541986
5550087163.mp4,2.541986
5564209652.mp4,2.541986
5668545266.mp4,2.541986
6422437813.mp4,2.541986
7708735292.mp4,2.541986
8039356416.mp4,2.541986
8532196494.mp4,2.541986
3561516939.mp4,2.519504
5268797415.mp4,2.519504
5914119796.mp4,2.519504
7547384258.mp4,2.519504
3339387387.mp4,2.497022
4866009712.mp4,2.497022
5392736832.mp4,2.497022
5415012877.mp4,2.497022
7495255120.mp4,2.497022
8092884510.mp4,2.497022
11359714186.mp4,2.47454
12099271596.mp4,2.47454
3343535739.mp4,2.47454
4095112467.mp4,2.47454
5020714258.mp4,2.47454
5424989067.mp4,2.47454
5850199057.mp4,2.47454
5858312093.mp4,2.47454
6096480589.mp4,2.47454
6469679863.mp4,2.47454
6917745987.mp4,2.47454
7136906983.mp4,2.47454
7897750494.mp4,2.47454
8140107150.mp4,2.47454
8281880253.mp4,2.47454
8933125503.mp4,2.47454
3504083604.mp4,2.452058
4472493392.mp4,2.452058
5865474554.mp4,2.452058
6497857295.mp4,2.452058
7517202292.mp4,2.452058
8415984918.mp4,2.452058
4506003922.mp4,2.429576
5107749210.mp4,2.429576
5790468384.mp4,2.429576
7722155622.mp4,2.429576
8591330227.mp4,2.429576
8635322862.mp4,2.429576
9717753449.mp4,2.429576
3763235915.mp4,2.4114482215838
12387439244.mp4,2.407094
4258186896.mp4,2.407094
7550224002.mp4,2.407094
10404182556.mp4,2.384612
4773686738.mp4,2.384612
4970919913.mp4,2.384612
5133219451.mp4,2.384612
6270222640.mp4,2.384612
7175971942.mp4,2.384612
7287459080.mp4,2.384612
8304230962.mp4,2.384612
8632107216.mp4,2.384612
10127250986.mp4,2.36213
10201521555.mp4,2.36213
3318634083.mp4,2.36213
4629711727.mp4,2.36213
5266882983.mp4,2.36213
5412442677.mp4,2.36213
5777975441.mp4,2.36213
5869559051.mp4,2.36213
8478531549.mp4,2.36213
5009379117.mp4,2.3616748991222
11469243925.mp4,2.339648
3533765114.mp4,2.339648
4735334918.mp4,2.339648
5014400375.mp4,2.339648
6329730783.mp4,2.339648
7390590300.mp4,2.339648
8251526312.mp4,2.339648
8440795977.mp4,2.339648
8479579728.mp4,2.339648
8507613491.mp4,2.339648
11237101334.mp4,2.317166
3934294391.mp4,2.317166
4206970561.mp4,2.317166
4966446054.mp4,2.317166
5093919014.mp4,2.317166
5134417428.mp4,2.317166
5419510404.mp4,2.317166
5636101558.mp4,2.317166
8729280042.mp4,2.317166
9234105504.mp4,2.317166
9256674744.mp4,2.317166
6629527951.mp4,2.311523107928
6740483069.mp4,2.29714296875
3374751086.mp4,2.294684
4005506137.mp4,2.294684
4915461487.mp4,2.294684
5045897151.mp4,2.294684
5208145791.mp4,2.294684
5310216885.mp4,2.294684
5453773681.mp4,2.294684
5806274886.mp4,2.294684
6059351914.mp4,2.294684
7548305462.mp4,2.294684
10716551125.mp4,2.272202
5433352304.mp4,2.272202
5553355582.mp4,2.272202
6123040072.mp4,2.272202
8320880668.mp4,2.272202
8433382995.mp4,2.272202
9189459433.mp4,2.272202
9455400456.mp4,2.272202
4866613201.mp4,2.24972
4914377539.mp4,2.24972
5031142078.mp4,2.24972
6173852301.mp4,2.24972
6370967061.mp4,2.24972
8731159058.mp4,2.24972
10102107193.mp4,2.227238
5044148124.mp4,2.227238
5460258278.mp4,2.227238
7962972726.mp4,2.227238
8278672659.mp4,2.227238
8685321568.mp4,2.227238
11061444876.mp4,2.204756
11907021903.mp4,2.204756
12461764004.mp4,2.204756
4820762619.mp4,2.204756
5115335471.mp4,2.204756
5819852885.mp4,2.204756
8324243833.mp4,2.204756
5078125268.mp4,2.182274
6149591212.mp4,2.182274
6346026937.mp4,2.182274
8587927758.mp4,2.182274
5134310379.mp4,2.159792
8069024908.mp4,2.159792
9136867624.mp4,2.159792
7917797604.mp4,2.1436728297857
10625504535.mp4,2.13731
8144762018.mp4,2.13731
8477990214.mp4,2.13731
9000209228.mp4,2.13731
9564154386.mp4,2.13731
8554748075.mp4,2.1250222673066
3496871384.mp4,2.114828
4775312025.mp4,2.114828
5625415555.mp4,2.114828
7651248048.mp4,2.114828
8336226077.mp4,2.114828
8372557828.mp4,2.114828
9618443862.mp4,2.114828
9765162404.mp4,2.114828
10716218856.mp4,2.092346
4639129836.mp4,2.092346
4959664675.mp4,2.092346
5733977738.mp4,2.092346
6212970517.mp4,2.092346
7123683275.mp4,2.092346
7171297739.mp4,2.092346
8195899669.mp4,2.092346
9427595515.mp4,2.092346
5460445525.mp4,2.069864
5506184490.mp4,2.069864
5956265529.mp4,2.069864
6120978816.mp4,2.069864
8582023917.mp4,2.069864
8663100289.mp4,2.0641127907761
6749780445.mp4,2.047382
7545358086.mp4,2.047382
8110008288.mp4,2.047382
8527434285.mp4,2.047382
4907486229.mp4,2.0249
6008700446.mp4,2.0249
8592011515.mp4,2.0249
8339870239.mp4,2.0159785713572
4823416929.mp4,2.002418
4991520511.mp4,2.002418
7087189849.mp4,2.002418
8257892715.mp4,2.002418
9047671138.mp4,2.002418
4677538291.mp4,1.979936
4933934170.mp4,1.979936
6299595444.mp4,1.979936
11688667226.mp4,1.957454
5504464599.mp4,1.957454
6131895268.mp4,1.957454
9814654176.mp4,1.957454
7495449440.mp4,1.934972
8017059368.mp4,1.9205531648036
6661657005.mp4,1.91249
7983363078.mp4,1.91249
10417424703.mp4,1.890008
6783810490.mp4,1.890008
11095294653.mp4,1.867526
3770747002.mp4,1.867526
5935222726.mp4,1.867526
5962679589.mp4,1.867526
7848940332.mp4,1.867526
6268902756.mp4,1.8485705883455
4879585643.mp4,1.845044
5043852749.mp4,1.845044
5048882871.mp4,1.845044
5150451769.mp4,1.845044
8625682550.mp4,1.845044
4905336825.mp4,1.8316953125
10694139655.mp4,1.822562
4321531777.mp4,1.822562
6275674780.mp4,1.822562
6323632937.mp4,1.822562
9058636581.mp4,1.822562
12567402335.mp4,1.80008
6268574586.mp4,1.80008
6497033987.mp4,1.80008
6792979288.mp4,1.777598
7863416600.mp4,1.777598
7978973307.mp4,1.777598
11635304003.mp4,1.732634
4834450895.mp4,1.732634
5266893553.mp4,1.732634
5475555707.mp4,1.732634
4204485800.mp4,1.721089189493
5542380796.mp4,1.710152
5993312864.mp4,1.710152
6369679907.mp4,1.710152
10178280003.mp4,1.68767
10650618913.mp4,1.68767
4627984833.mp4,1.68767
6223028206.mp4,1.665188
6238991743.mp4,1.665188
7558781186.mp4,1.665188
8643336872.mp4,1.665188
4177089041.mp4,1.642706
4970624827.mp4,1.642706
8222762296.mp4,1.642706
10132105415.mp4,1.620224
4472730048.mp4,1.6004473028999
6985991227.mp4,1.597742
10672253555.mp4,1.5918809336072
5927908371.mp4,1.57526
6079875162.mp4,1.57526
3887621073.mp4,1.552778
4265470174.mp4,1.530296
5570426341.mp4,1.530296
7074513729.mp4,1.530296
3471567822.mp4,1.485332
6184163826.mp4,1.485332
9369433766.mp4,1.485332
9445782126.mp4,1.485332
6028497716.mp4,1.440368
10925288616.mp4,1.417886
6807638360.mp4,1.417886
8483400755.mp4,1.417886
4744073127.mp4,1.372922
8724380666.mp4,1.35044
5319047612.mp4,1.2907092255029
6408325533.mp4,1.193066
8536919744.mp4,1.148102
A001.mp4,4.334858496
A002.mp4,3.680668664
A003.mp4,4.2756286624
A004.mp4,3.7382210512
A005.mp4,3.3918882784
A006.mp4,4.4609436976
A007.mp4,3.49714804
A008.mp4,3.3836836256
A009.mp4,4.35084844
A010.mp4,2.938313048
A011.mp4,4.5344603536
A012NEW.mp4,3.4091420128
A013.mp4,4.4254719824
A014.mp4,4.0419672256
A015.mp4,4.2824725296
A016.mp4,3.1255594288
A017.mp4,3.9139506784
A018.mp4,4.214712824
A019.mp4,4.067009104
A020.mp4,4.2633616224
A021.mp4,3.1186841808
A022.mp4,3.149291872
A023.mp4,4.0161094464
A024.mp4,4.098931936
A025.mp4,3.2466179968
A026.mp4,4.1724685616
A027.mp4,3.6532332864
A028.mp4,3.2307792512
A029.mp4,4.1966146608
A030.mp4,4.3718250784
A031.mp4,3.8177086176
A032.mp4,4.1661695792
A033.mp4,4.0917343216
A034.mp4,4.3404243088
A035.mp4,4.4736415104
A036NEW.mp4,3.3771393024
A037.mp4,4.2593677024
A038.mp4,3.527159496
A039.mp4,3.558155168
A040.mp4,3.4831350864
A041.mp4,3.0485081536
A042.mp4,4.2378404736
A043.mp4,3.1344972512
A044.mp4,3.5703451824
A045.mp4,4.3846484144
A046NEW.mp4,4.0198580256
A047.mp4,3.714588456
A048.mp4,4.1098923936
A049.mp4,4.1062236928
A050.mp4,3.4168246032
A051.mp4,4.3362478096
A052.mp4,3.3247847168
A053.mp4,3.9598978752
A054.mp4,4.2188836176
A055.mp4,3.5810688576
A056.mp4,3.5397089632
A057.mp4,3.9428038976
A058.mp4,3.672096
A059.mp4,4.1652680944
A060.mp4,3.8485102992
A061.mp4,3.6564655088
A062.mp4,3.4016134736
A063.mp4,3.3268244688
A064.mp4,3.4681122416
A065.mp4,4.3802237216
A066.mp4,4.1788873616
A067.mp4,4.2556390928
A068.mp4,3.162100944
A069.mp4,3.4565498432
A070.mp4,3.9134657024
A071.mp4,4.1601273488
A072.mp4,2.6291294368
A073.mp4,4.6457937264
A074.mp4,3.6812363712
A075.mp4,3.7059501776
A076.mp4,3.894143688
A077.mp4,4.1698611024
A078.mp4,3.1551030256
A079.mp4,4.3594581904
A080NEW.mp4,3.1645429408
A081.mp4,4.2059775504
A082.mp4,4.5303865552
A083.mp4,3.3670660656
A084.mp4,3.625980488
A085.mp4,4.0671688608
A086.mp4,3.0523223472
A087.mp4,3.661868712
A088.mp4,3.2866598976
A089.mp4,3.3852298432
A090.mp4,4.5042834352
A091.mp4,3.3646725664
A092.mp4,4.07419816
A093.mp4,3.9563261696
A094.mp4,3.5392724848
A095.mp4,4.0871527248
A096.mp4,3.945437032
A097.mp4,3.9419509104
A098.mp4,4.4939620048
A099.mp4,3.3626156976
A100.mp4,3.3761836144
A101.mp4,4.0248646896
A102.mp4,3.842893136
A103.mp4,4.0891839184
A104.mp4,3.48338328
A105.mp4,3.1267091072
A106.mp4,4.118330976
A107.mp4,4.37481196
A108.mp4,3.0686203936
A109.mp4,3.0875173408
A110.mp4,4.552427288
B001.mp4,2.823345208
B002.mp4,4.140654136
B003.mp4,3.4470414608
B004.mp4,3.7768479632
B005.mp4,3.3952574352
B006.mp4,3.315053816
B007.mp4,3.126013024
B008.mp4,4.1861819712
B009.mp4,3.1727732688
B010.mp4,3.0145769504
B011.mp4,3.0739579824
B012.mp4,3.0153842928
B013.mp4,3.702891976
B014.mp4,3.8239876304
B015.mp4,3.6710575808
B016.mp4,3.532494232
B017.mp4,3.9108553904
B018.mp4,3.587196672
B019.mp4,3.9335779424
B020.mp4,4.0223656368
B021.mp4,4.4706032784
B022.mp4,4.457528896
B023.mp4,4.0675768112
B024.mp4,3.9747153184
B025.mp4,4.51452784
B026.mp4,4.1022811232
B027.mp4,4.5926631792
B028.mp4,4.2952673376
B029.mp4,4.6385904064
B030.mp4,2.7241219712
B031.mp4,4.040549384
B032.mp4,3.8194117392
B033.mp4,3.982166832
B034.mp4,4.0851044144
B035.mp4,3.298393464
B036.mp4,4.4103321728
B037.mp4,3.4079324256
B038.mp4,3.9706158448
B039.mp4,3.7925326576
B040.mp4,3.9594556912
B041.mp4,3.352553872
B042.mp4,3.8397664672
B043.mp4,3.1386224
B044.mp4,4.5317273712
B045.mp4,3.8753408832
B046.mp4,4.1862532912
B047.mp4,3.8652704992
B048.mp4,3.9272133456
B049.mp4,4.2880953984
B050.mp4,4.2484158032
B051.mp4,3.3600310608
B052.mp4,3.7180232272
B053.mp4,4.184187864
B054NEW.mp4,2.8223210528
B055.mp4,3.877297904
B056.mp4,3.8339752832
B057.mp4,3.7575288016
B058.mp4,3.711093776
B059.mp4,3.529456
B060.mp4,3.7430793696
B061.mp4,3.8632649808
B062.mp4,3.6674202608
B063.mp4,3.305568256
B064.mp4,3.7592747152
B065.mp4,3.7211841296
B066.mp4,3.6890616016
B067.mp4,4.0606273904
B068.mp4,4.2332959632
B069.mp4,4.0000196544
B070.mp4,3.6553443584
B071.mp4,4.3667984448
B072.mp4,4.401642544
B073.mp4,3.9298379216
B074.mp4,4.4162146464
B075.mp4,3.6273098928
B076.mp4,4.4767881488
B077.mp4,4.3830907856
B078.mp4,4.5464478192
B079.mp4,4.1437294544
B080.mp4,4.2943943808
B081.mp4,3.3691914016
B082.mp4,3.1683542816
B083.mp4,3.3905217872
B084.mp4,2.8250740048
B085.mp4,4.2870341568
B086.mp4,4.3383275008
B087.mp4,4.105093984
B088.mp4,3.5527833456
B089.mp4,4.1630029712
B090.mp4,2.7891458416
B091.mp4,4.0935629664
B092.mp4,4.1919845664
B093.mp4,4.0432795136
B094.mp4,4.1210354304
B095.mp4,4.1216630464
B096.mp4,3.6916547968
B097.mp4,3.7692423984
B098.mp4,4.333917072
B099.mp4,4.0298342672
B100.mp4,4.3350810144
B101.mp4,3.7360871568
B102.mp4,4.5570887632
B103.mp4,2.7662863552
B104.mp4,4.0813700992
B105.mp4,4.0686352
B106.mp4,3.6737449184
B107.mp4,4.2346339264
B108.mp4,4.4920420704
B109.mp4,4.309111976
B110.mp4,4.2612762256
B111.mp4,3.6936431984
B112.mp4,3.6523717408
B113.mp4,4.150524824
B114.mp4,4.4940704112
B115NEW.mp4,3.1641321376
B116.mp4,3.9190857184
B117.mp4,4.0641734208
B118.mp4,4.0965042032
B119.mp4,4.0255835952
B120.mp4,4.413296232
B121.mp4,3.5965795312
B122.mp4,3.736697656
B123.mp4,4.232771048
B124.mp4,3.6252073792
B125.mp4,3.5562409392
B126.mp4,4.143621048
B127.mp4,3.711521696
B128.mp4,3.7365721328
B129.mp4,3.1367766384
B130.mp4,3.5515167024
B131.mp4,3.103304736
B132.mp4,3.2635008672
B133.mp4,4.363942792
B134.mp4,4.0244168
B135.mp4,4.3218212
B136.mp4,4.0963587104
B137.mp4,3.3904048224
B138.mp4,4.308712584
B139NEW.mp4,4.0088747456
B140.mp4,3.9995603536
B141.mp4,4.5089163824
B142.mp4,3.8993700176
B143.mp4,3.874059976
B144.mp4,3.3619481424
B145.mp4,4.5491665376
B146.mp4,3.8405652512
B147.mp4,4.1292686112
B148.mp4,2.8312303472
B149.mp4,3.5173572752
B150.mp4,3.7189418288
B151.mp4,4.0913263712
B152.mp4,4.0711656336
B153.mp4,3.8404711088
B154.mp4,3.464868608
B155.mp4,3.2868795632
B156.mp4,4.0203287376
B157.mp4,4.2128556512
B158.mp4,4.2391099696
B159.mp4,3.0716643312
B160.mp4,3.0260965568
B161.mp4,4.0900796976
B162.mp4,3.5118513712
B163.mp4,3.3463433264
B164.mp4,4.4187793136
B165.mp4,3.9680340608
B166.mp4,3.6953919648
B167.mp4,2.4701029536
B168.mp4,3.652825336
B169.mp4,3.5887058032
B170.mp4,3.0676789696
B171.mp4,4.6062368016
B172.mp4,4.203258832
B173.mp4,3.9293358288
B174.mp4,2.5566854336
B175.mp4,3.1478112688
B176.mp4,4.0138814096
B177.mp4,3.2080909328
B178.mp4,3.7963126176
B179.mp4,3.659643528
B180.mp4,4.1283899488
B181.mp4,3.1450782864
B182.mp4,4.4129225152
B183.mp4,4.4792700848
B184.mp4,3.6728263168
B185.mp4,3.9121391504
B186.mp4,3.88684052
B187.mp4,4.619197072
B188.mp4,4.0528706272
B189.mp4,3.4686428624
B190.mp4,4.1039557168
B191.mp4,4.4087659856
B192.mp4,3.6349553968
B193.mp4,4.0598656928
B194.mp4,3.6299829664
B195.mp4,4.04945012
B196.mp4,3.4924038336
B197.mp4,3.0851095776
B198.mp4,4.4635711264
B199.mp4,4.2185156064
B200.mp4,3.0804652192
B201.mp4,3.4558138208
B202.mp4,4.294277416
B203.mp4,4.286560592
B204.mp4,4.1106940304
B205.mp4,3.849525896
B206.mp4,4.3561517952
B207.mp4,4.5139743968
B208.mp4,4.1602414608
B209.mp4,4.1791897584
B210.mp4,2.8851996176
B211.mp4,4.35662536
B212.mp4,4.091158056
B213.mp4,4.4973996288
B214.mp4,3.3359163424
B215.mp4,3.4489756592
B216.mp4,4.4963669152
B217.mp4,3.1237250784
B218.mp4,4.5862643488
B219.mp4,4.2716090672
B220.mp4,4.046297776
B221.mp4,4.3400620032
B222.mp4,3.0231210864
B223.mp4,3.7749879376
B224.mp4,4.356924904
B225.mp4,4.3414313472
B226.mp4,3.8294478896
B227.mp4,4.6205036544
B228.mp4,4.0771565136
B229.mp4,4.1538369248
B230.mp4,4.1466221936
B231.mp4,3.9014953536
B232.mp4,3.9047389872
B233.mp4,3.4957958128
B234.mp4,4.3413971136
B235.mp4,3.9976090384
B236.mp4,3.5686449136
B237.mp4,4.0464090352
B238.mp4,3.7721094624
B239.mp4,3.9726013936
B240.mp4,3.9618720128
B241.mp4,3.941942352
B242.mp4,4.0906702272
B243.mp4,3.4096983088
B244.mp4,3.8586605616
B245.mp4,4.4093850432
B246.mp4,3.6544457264
B247.mp4,4.2216194528
B248NEW.mp4,3.8259246816
B249.mp4,4.0368806832
B250.mp4,3.7922787584
B251.mp4,4.4058760992
B252.mp4,4.1364234336
B253.mp4,4.1052023904
B254.mp4,3.602744432
B255.mp4,3.8216511872
B256.mp4,3.7448509584
B257.mp4,4.3917176528
B258.mp4,4.4830842784
B259.mp4,4.4679958192
B260.mp4,2.22354914304
B261.mp4,4.2715406
B262.mp4,3.5279183408
B263NEW.mp4,3.8858591568
B264.mp4,4.274436192
B265.mp4,4.1703032864
B266.mp4,4.56331072
B267.mp4,3.8234684208
B268.mp4,2.7616562608
B269.mp4,3.9442645312
B270.mp4,4.6228800368
B271.mp4,4.4482658544
B272.mp4,3.4621413312
B273.mp4,3.5710155904
B274.mp4,3.6136050416
B275.mp4,4.300724744
B276.mp4,4.4281650256
B277.mp4,2.8620519984
B278.mp4,4.0533613088
B279.mp4,3.9854104656
B280.mp4,4.0290839808
B281.mp4,3.480616064
B282.mp4,4.0681131376
B283.mp4,3.879965272
B284.mp4,4.0807538944
B285.mp4,4.1480485936
B286.mp4,3.1472150336
B287.mp4,4.0508651088
B288.mp4,4.3993374816
B289.mp4,4.4663326368
B290.mp4,3.8271399744
B291.mp4,4.0750711168
B292.mp4,4.3844002208
B293.mp4,4.278273208
B294.mp4,3.9386359568
B295.mp4,3.6080192592
B296.mp4,3.849055184
B297.mp4,3.7985920048
B298.mp4,3.2553475648
B299.mp4,4.10600688
B300.mp4,2.835968848
B301.mp4,3.4474151776
B302.mp4,4.107148
B303.mp4,2.5846771072
B304.mp4,4.6629076736
B305.mp4,3.9314554592
B306.mp4,4.3033150864
B307.mp4,3.8248434704
B308.mp4,4.4083979744
B309.mp4,4.207680672
B310.mp4,4.4758609888
B311.mp4,4.5800224224
B312.mp4,3.7910463488
B313.mp4,4.5909087072
B314.mp4,4.735805272
B315.mp4,4.487797104
B316.mp4,4.5885180608
C001.mp4,4.4486024848
D001.mp4,2.9797014704
E001.mp4,3.5182188208
F001.mp4,4.0238148592
F002.mp4,2.8736001328
F003.mp4,3.1932620784
F004.mp4,2.5770858064
F005.mp4,3.6634634272
F006.mp4,3.7463943232
F007.mp4,3.2649072976
G001.mp4,4.1025378752
G002.mp4,3.4015706816
G003.mp4,4.1330885104
G004.mp4,4.216067904
G005.mp4,4.4792472624
G006.mp4,4.125149168
G007.mp4,4.5341237232
G008.mp4,3.9234647664
G009.mp4,4.1226415568
G010.mp4,3.9976832112
G011.mp4,2.7526300016
G012.mp4,3.5121195344
G013.mp4,4.1361866512
G014.mp4,3.646306688
G015.mp4,4.5921610864
G016.mp4,4.3452398352
G017.mp4,4.1908263296
G018.mp4,4.4305071744
G019.mp4,4.0903136272
G020.mp4,3.775752488
G021.mp4,3.2233591184
G022.mp4,3.7166624416
G023.mp4,3.7274574368
G024.mp4,3.7471018176
G025.mp4,3.2014638784
G026.mp4,3.5982598304
G027.mp4,3.3507794304
G028.mp4,3.7972854224
G029.mp4,3.486193288
G030.mp4,4.265178856
G031.mp4,4.0624246544
G032.mp4,3.565914784
G033.mp4,3.776237464
G034.mp4,4.3977170912
G035.mp4,4.1073448432
G036.mp4,4.2908626144
G037.mp4,4.2791233424
G038.mp4,4.103582
G039.mp4,4.1450588592
G040.mp4,4.3547881568
G041.mp4,3.2931899568
G042.mp4,4.048408848
G043.mp4,4.2548631312
G044.mp4,4.184558728
G045.mp4,3.8285635216
G046.mp4,4.2946111936
G047.mp4,4.0481064512
G048.mp4,4.2980973152
G049.mp4,3.3178609712
G050.mp4,4.3258750288
G051.mp4,4.2030905168
G052.mp4,3.97684636
G053.mp4,4.1659670304
G054.mp4,3.643568
G055.mp4,3.856900384
G056.mp4,3.8161795168
G057.mp4,3.6017858912
G058.mp4,3.9043738288
G059.mp4,3.1302180512
G060.mp4,4.0838919744
G061.mp4,4.1538854224
G062.mp4,3.4548039296
G063.mp4,2.875722616
G064.mp4,2.3693163824
G065.mp4,4.0053429792
G066.mp4,2.3857085712
G067.mp4,3.6804946432
G068.mp4,3.7423832864
G069.mp4,3.9323968832
G070.mp4,4.3165549312
G071.mp4,3.4259392992
G072.mp4,3.4080180096
G073.mp4,2.5775707824
G074.mp4,4.4190332128
G075.mp4,3.880150704
G076.mp4,4.3292698608
G077.mp4,4.4776782224
G078.mp4,4.3733969712
G079.mp4,2.4841216128
G080.mp4,2.79507396
G081.mp4,3.37918476
G082.mp4,4.271726032
G083.mp4,4.2933017584
G084.mp4,3.7382752544
G085.mp4,4.2283092688
G086.mp4,3.2257925568
G087.mp4,4.0748657152
G088.mp4,3.6459244128
G089.mp4,2.9378936864
G090.mp4,4.1983348992
G091.mp4,4.44941268
G092.mp4,3.9811997328
G093.mp4,3.932000344
G094.mp4,3.95352472
G095.mp4,4.3059653376
G096.mp4,4.5172180304
G097.mp4,4.4622531328
G098.mp4,3.0688885568
G099.mp4,4.3443069696
G100.mp4,4.3298746544
G101.mp4,3.844248216
G102.mp4,3.978772
G103.mp4,4.366881176
G104.mp4,4.5036130272
G105.mp4,3.3317655184
G106.mp4,2.7142712528
G107.mp4,3.4516230576
G108.mp4,3.7177065664
G109.mp4,4.3067270352
G110.mp4,4.4287070576
G111.mp4,3.6158444896
G112.mp4,4.1667515504
G113.mp4,4.1711163344
G114.mp4,3.9018376896
G115.mp4,4.2670502928
G116.mp4,4.5685998112
G117.mp4,4.0936000528
G118.mp4,3.9259952
G119.mp4,4.239218376
H001.mp4,3.8631594272
H002.mp4,4.0174930544
I001.mp4,4.1098923936
I002.mp4,3.85531708
I003.mp4,4.0298770592
J001.mp4,4.0794130784
J002.mp4,3.82500608
J003.mp4,3.7703007872
J004.mp4,3.83313656
J005.mp4,2.7338585776
K001.mp4,2.9877492192
K002.mp4,3.584843112
L001.mp4,4.2297128464
M001.mp4,3.100580312
M002.mp4,4.0232214768
M003.mp4,2.6481804352
N001.mp4,3.97007096
O001.mp4,2.8390784
O002.mp4,2.9308501232
P001.mp4,3.883174672
P002.mp4,3.7619278192
P003.mp4,3.807575472
P004.mp4,3.8552286432
P005.mp4,4.1611258288
P006.mp4,3.5929907088
P007.mp4,3.1361661392
P008.mp4,3.143029976
P009.mp4,3.6426066064
Q001.mp4,3.7903902048
R001.mp4,4.1138463744
Animation_1080P-01b3,3.649
Animation_1080P-05f8,3.901
Animation_1080P-0c4f,3.94
Animation_1080P-0cdf,4.245
Animation_1080P-18f5,4.158
Animation_1080P-209f,4.189
Animation_1080P-21dd,3.791
Animation_1080P-2fbe,3.346
Animation_1080P-2fff,4.369
Animation_1080P-3d67,2.778
Animation_1080P-3dbf,4.444
Animation_1080P-3e01,4.045
Animation_1080P-4214,3.51
Animation_1080P-4609,4.698
Animation_1080P-4be3,3.565
Animation_1080P-4ea8,4.121
Animation_1080P-5083,3.252
Animation_1080P-58d3,4.243
Animation_1080P-5dd8,3.958
Animation_1080P-5f3b,4.243
Animation_1080P-646f,3.376
Animation_1080P-66ba,3.081
Animation_1080P-6a33,2.052
Animation_1080P-6ec0,4.124
Animation_1080P-7f27,4.195
Animation_2160P-41dc,3.512
Animation_2160P-6f3b,4.082
Animation_360P-08c9,3.652
Animation_360P-188f,3.702
Animation_360P-24d4,3.435
Animation_360P-3e40,2.353
Animation_360P-3e52,3.651
Animation_360P-47cc,3.282
Animation_360P-4b4c,3.003
Animation_360P-4edc,3.682
Animation_360P-5712,3.552
Animation_360P-5de0,3.429
Animation_360P-631c,2.236
Animation_360P-6355,3.126
Animation_360P-69e0,3.382
Animation_360P-7856,2.751
Animation_360P-794f,3.362
Animation_480P-0194,3.097
Animation_480P-046c,3.15
Animation_480P-0529,2.205
Animation_480P-073c,3.407
Animation_480P-087e,3.525
Animation_480P-08a5,3.42
Animation_480P-0d04,3.111
Animation_480P-1da7,3.183
Animation_480P-3281,3.211
Animation_480P-35ee,3.29
Animation_480P-3e06,2.994
Animation_480P-3fdf,3.465
Animation_480P-4b80,3.618
Animation_480P-4b86,3.495
Animation_480P-4e36,3.303
Animation_480P-52af,3.656
Animation_480P-66c0,3.453
Animation_480P-6e23,3.731
Animation_480P-6ef6,3.607
Animation_480P-6ff4,3.29
Animation_480P-70d4,3.848
Animation_480P-7114,3.653
Animation_480P-791b,3.286
Animation_480P-7a31,3.487
Animation_480P-7ef2,3.164
Animation_720P-0116,4.054
Animation_720P-01b3,3.638
Animation_720P-06a6,3.942
Animation_720P-0acc,3.876
Animation_720P-0c8f,3.409
Animation_720P-13b7,4.318
Animation_720P-1a6d,4.283
Animation_720P-2525,3.73
Animation_720P-26d2,3.14
Animation_720P-2abf,3.615
Animation_720P-31c9,4.351
Animation_720P-3adc,3.575
Animation_720P-412a,4.249
Animation_720P-41cf,3.862
Animation_720P-41d6,4.148
Animation_720P-4268,3.846
Animation_720P-431c,4.396
Animation_720P-4b17,4.074
Animation_720P-57d9,3.522
Animation_720P-5bfc,4.421
Animation_720P-620f,4.522
Animation_720P-6372,4.422
Animation_720P-79ee,2.197
Animation_720P-7b29,3.862
Animation_720P-7e7d,3.589
Animation_720P-7ff2,4.124
CoverSong_1080P-0188,2.383
CoverSong_1080P-033d,4.433
CoverSong_1080P-0a86,4.228
CoverSong_1080P-0cdc,2.741
CoverSong_1080P-0f33,3.221
CoverSong_1080P-0f3a,4.358
CoverSong_1080P-1963,3.882
CoverSong_1080P-1b08,3.812
CoverSong_1080P-1b0c,3.763
CoverSong_1080P-2207,3.675
CoverSong_1080P-237f,3.893
CoverSong_1080P-3409,4.331
CoverSong_1080P-3499,4.193
CoverSong_1080P-3aac,3.381
CoverSong_1080P-3df8,3.827
CoverSong_1080P-4bad,4.298
CoverSong_1080P-5430,3.969
CoverSong_1080P-5456,3.736
CoverSong_1080P-5cae,3.209
CoverSong_1080P-5e69,3.29
CoverSong_1080P-5f92,4.043
CoverSong_1080P-6f26,4.288
CoverSong_360P-0a9d,2.538
CoverSong_360P-0aa2,2.511
CoverSong_360P-11f9,2.79
CoverSong_360P-130a,3.449
CoverSong_360P-13d2,2.578
CoverSong_360P-14b9,2.633
CoverSong_360P-1b2b,3.409
CoverSong_360P-2146,2.273
CoverSong_360P-2b4d,2.796
CoverSong_360P-3218,2.427
CoverSong_360P-4add,2.855
CoverSong_360P-53a6,3.235
CoverSong_360P-59d1,2.828
CoverSong_360P-5a24,2.789
CoverSong_360P-5d20,2.943
CoverSong_360P-67ec,2.404
CoverSong_360P-69ef,3.145
CoverSong_360P-6d6a,3.273
CoverSong_360P-6da7,2.763
CoverSong_480P-0170,3.118
CoverSong_480P-1019,3.815
CoverSong_480P-1109,2.826
CoverSong_480P-2142,3.25
CoverSong_480P-2207,2.934
CoverSong_480P-2711,2.514
CoverSong_480P-2d2c,3.837
CoverSong_480P-3076,1.71
CoverSong_480P-35e1,3.608
CoverSong_480P-3e4b,2.877
CoverSong_480P-3e92,4.235
CoverSong_480P-3f3b,3.027
CoverSong_480P-41a5,3.27
CoverSong_480P-4d34,2.677
CoverSong_480P-53f4,3.169
CoverSong_480P-59f2,3.418
CoverSong_480P-5b62,3.056
CoverSong_480P-60a6,2.369
CoverSong_480P-64d0,3.917
CoverSong_480P-6c3e,2.502
CoverSong_480P-6c50,2.729
CoverSong_480P-7443,3.65
CoverSong_480P-7f6d,3.048
CoverSong_720P-014c,2.618
CoverSong_720P-01a1,3.713
CoverSong_720P-0239,2.52
CoverSong_720P-05d6,3.744
CoverSong_720P-10f1,2.805
CoverSong_720P-1393,4.059
CoverSong_720P-1928,3.423
CoverSong_720P-2d05,3.224
CoverSong_720P-3261,3.942
CoverSong_720P-3dca,3.412
CoverSong_720P-4006,3.414
CoverSong_720P-449f,3.496
CoverSong_720P-5689,2.317
CoverSong_720P-5ba2,2.834
CoverSong_720P-60d3,2.991
CoverSong_720P-6626,3.316
CoverSong_720P-6ae4,3.769
CoverSong_720P-6b8c,2.988
CoverSong_720P-6d6a,3.52
CoverSong_720P-6d81,3.145
CoverSong_720P-7360,2.798
CoverSong_720P-7539,2.348
CoverSong_720P-799b,3.807
Gaming_1080P-0219,3.513
Gaming_1080P-0a5b,3.556
Gaming_1080P-0ce6,3.968
Gaming_1080P-0ef8,3.781
Gaming_1080P-12d4,4.494
Gaming_1080P-13e3,4.434
Gaming_1080P-1704,4.295
Gaming_1080P-173a,3.013
Gaming_1080P-18b8,3.165
Gaming_1080P-190d,3.898
Gaming_1080P-1f29,3.298
Gaming_1080P-2221,4.239
Gaming_1080P-223e,4.283
Gaming_1080P-26dc,3.541
Gaming_1080P-2768,3.466
Gaming_1080P-277c,3.884
Gaming_1080P-2927,4.441
Gaming_1080P-29b1,3.829
Gaming_1080P-2e97,4.391
Gaming_1080P-35fa,3.035
Gaming_1080P-3a9d,3.872
Gaming_1080P-3bf7,3.245
Gaming_1080P-3d58,3.782
Gaming_1080P-4047,3.099
Gaming_1080P-44c4,3.839
Gaming_1080P-45af,4.373
Gaming_1080P-45fc,3.695
Gaming_1080P-4865,4.355
Gaming_1080P-51fc,4.377
Gaming_1080P-55ac,4.448
Gaming_1080P-5608,4.067
Gaming_1080P-564e,4.322
Gaming_1080P-57ca,4.409
Gaming_1080P-58ba,3.952
Gaming_1080P-592a,3.964
Gaming_1080P-593f,3.409
Gaming_1080P-5ae7,3.328
Gaming_1080P-6530,3.92
Gaming_1080P-6578,4.399
Gaming_1080P-66d2,4.142
Gaming_1080P-698a,3.743
Gaming_1080P-6a78,4.148
Gaming_1080P-6d53,3.821
Gaming_1080P-6db2,3.475
Gaming_1080P-6dc6,4.602
Gaming_1080P-6e45,2.517
Gaming_1080P-71a5,4.482
Gaming_1080P-72c8,4.366
Gaming_1080P-777b,4.05
Gaming_1080P-7a1e,4.024
Gaming_2160P-2436,4.473
Gaming_2160P-28de,4.349
Gaming_2160P-2b92,3.632
Gaming_2160P-2cb1,4.481
Gaming_2160P-2dc4,4.383
Gaming_2160P-3002,4.337
Gaming_2160P-31f6,4.311
Gaming_2160P-348d,4.443
Gaming_2160P-34a1,4.414
Gaming_2160P-387f,4.513
Gaming_2160P-3a25,4.502
Gaming_2160P-3aec,4.646
Gaming_2160P-3ce4,4.529
Gaming_2160P-4139,3.923
Gaming_2160P-416f,4.332
Gaming_2160P-4258,4.067
Gaming_2160P-5c33,2.834
Gaming_2160P-5c53,4.309
Gaming_2160P-5f40,3.734
Gaming_2160P-673d,4.165
Gaming_2160P-67b0,4.204
Gaming_2160P-6bb6,4.537
Gaming_2160P-6cd8,4.31
Gaming_2160P-7a5f,4.395
Gaming_2160P-7e80,4.108
Gaming_2160P-7ff0,4.238
Gaming_360P-043e,2.582
Gaming_360P-0b98,3.14
Gaming_360P-0e0b,3.006
Gaming_360P-187a,3.133
Gaming_360P-1ab1,2.964
Gaming_360P-1e31,2.186
Gaming_360P-2141,1.927
Gaming_360P-215f,2.869
Gaming_360P-2164,3.245
Gaming_360P-21d2,2.372
Gaming_360P-2330,2.607
Gaming_360P-279f,2.841
Gaming_360P-2cca,3.374
Gaming_360P-2f99,3.281
Gaming_360P-3794,1.475
Gaming_360P-3a6b,2.763
Gaming_360P-3eb6,3.184
Gaming_360P-48b0,3.427
Gaming_360P-4f09,3.506
Gaming_360P-5635,3.102
Gaming_360P-56fe,2.439
Gaming_360P-586d,3.026
Gaming_360P-5e0f,3.012
Gaming_360P-6207,3.349
Gaming_360P-63e6,2.636
Gaming_360P-6bdb,2.934
Gaming_360P-7007,3.194
Gaming_360P-73c7,3.247
Gaming_360P-7975,2.761
Gaming_360P-7acb,3.059
Gaming_480P-0109,2.436
Gaming_480P-062e,3.435
Gaming_480P-09ab,3.795
Gaming_480P-0a03,2.676
Gaming_480P-0a30,2.661
Gaming_480P-0d23,3.466
Gaming_480P-0dbc,2.973
Gaming_480P-14fc,3.822
Gaming_480P-1542,2.776
Gaming_480P-20ca,2.891
Gaming_480P-2cfc,3.961
Gaming_480P-2d1b,3.948
Gaming_480P-3888,3.464
Gaming_480P-3a44,3.043
Gaming_480P-445b,3.714
Gaming_480P-4560,3.904
Gaming_480P-5a5a,3.478
Gaming_480P-61ee,3.631
Gaming_480P-626a,3.786
Gaming_480P-6491,3.013
Gaming_480P-6548,2.871
Gaming_480P-6a5a,3.468
Gaming_480P-6c92,2.348
Gaming_480P-6cdc,2.425
Gaming_480P-6d1e,2.674
Gaming_480P-6f4b,3.67
Gaming_480P-75f7,2.798
Gaming_480P-7893,2.761
Gaming_480P-7a08,3.792
Gaming_480P-7ccb,3.581
Gaming_480P-7e76,2.397
Gaming_720P-0fba,4.089
Gaming_720P-0fdb,3.263
Gaming_720P-1035,3.683
Gaming_720P-103a,4.056
Gaming_720P-1cbb,4.01
Gaming_720P-221d,3.252
Gaming_720P-25aa,2.952
Gaming_720P-2dbe,4.327
Gaming_720P-312f,3.826
Gaming_720P-324d,3.145
Gaming_720P-3524,3.11
Gaming_720P-40b2,3.855
Gaming_720P-469a,4.124
Gaming_720P-4813,4.29
Gaming_720P-493e,3.567
Gaming_720P-4cda,3.62
Gaming_720P-5973,4.067
Gaming_720P-5ba2,4.281
Gaming_720P-6403,4.023
Gaming_720P-64b0,4.396
Gaming_720P-6625,3.813
Gaming_720P-6658,3.715
Gaming_720P-6a45,3.967
Gaming_720P-7afd,2.486
HDR_1080P-0d31,4.373
HDR_1080P-13eb,3.761
HDR_1080P-1be2,3.756
HDR_1080P-1e5b,1.242
HDR_1080P-206d,3.791
HDR_1080P-282a,4.038
HDR_1080P-2d32,4.503
HDR_1080P-3181,3.777
HDR_1080P-33e3,4.45
HDR_1080P-3521,3.895
HDR_1080P-35f4,4.16
HDR_1080P-3749,4.08
HDR_1080P-3a4a,3.824
HDR_1080P-46a4,3.582
HDR_1080P-49d6,4.589
HDR_1080P-4f4a,3.51
HDR_1080P-548b,4.626
HDR_1080P-549e,4.064
HDR_1080P-55c4,4.106
HDR_1080P-601b,4.318
HDR_1080P-687e,2.629
HDR_1080P-68c8,3.804
HDR_1080P-69de,4.181
HDR_1080P-6eb7,4.046
HDR_1080P-7825,4.514
HDR_2160P-06ae,4.474
HDR_2160P-0e7a,2.322
HDR_2160P-15e2,4.191
HDR_2160P-1743,4.254
HDR_2160P-1e9e,4.356
HDR_2160P-2a72,4.113
HDR_2160P-351f,4.323
HDR_2160P-3663,4.34
HDR_2160P-382f,4.309
HDR_2160P-3bf1,4.544
HDR_2160P-40ab,4.105
HDR_2160P-4348,4.466
HDR_2160P-4581,3.979
HDR_2160P-4d03,4.203
HDR_2160P-4dcd,3.763
HDR_2160P-51ea,4.106
HDR_2160P-5275,4.206
HDR_2160P-5926,4.386
HDR_2160P-5c86,4.388
HDR_2160P-5cdf,4.296
HDR_2160P-5e25,4.209
HDR_2160P-664d,3.753
HDR_2160P-6c6e,4.566
HDR_2160P-6ed1,3.724
HDR_2160P-6eeb,4.402
HDR_2160P-6fa4,4.266
HDR_2160P-6fab,3.443
HDR_2160P-70ca,3.905
HowTo_1080P-0267,4.234
HowTo_1080P-03fd,3.517
HowTo_1080P-13aa,4.336
HowTo_1080P-1f3b,4.185
HowTo_1080P-2b64,4.221
HowTo_1080P-36a9,4.427
HowTo_1080P-4d7b,4.199
HowTo_1080P-52bb,4.272
HowTo_1080P-55d1,4.102
HowTo_1080P-63b4,4.286
HowTo_1080P-63e4,3.948
HowTo_1080P-63ec,4.229
HowTo_1080P-64f7,4.454
HowTo_1080P-6cbf,1.915
HowTo_1080P-7399,4.194
HowTo_1080P-763c,3.957
HowTo_1080P-7cf2,3.717
HowTo_1080P-7f18,3.718
HowTo_1080P-7f4c,4.092
HowTo_360P-041c,3.214
HowTo_360P-0562,3.261
HowTo_360P-06be,3.601
HowTo_360P-09f8,2.951
HowTo_360P-127f,3.332
HowTo_360P-1823,3.056
HowTo_360P-18e7,2.78
HowTo_360P-1dba,1.907
HowTo_360P-2074,3.536
HowTo_360P-2a3b,2.589
HowTo_360P-2d35,2.847
HowTo_360P-2fd5,2.049
HowTo_360P-3aa6,3.019
HowTo_360P-4276,3.448
HowTo_360P-4e4c,3.005
HowTo_360P-55e9,3.496
HowTo_360P-5da7,3.425
HowTo_360P-6093,3.205
HowTo_360P-6a0e,2.104
HowTo_360P-7083,3.031
HowTo_360P-7dcd,3.035
HowTo_360P-7fb1,3.322
HowTo_480P-04f1,3.454
HowTo_480P-0cb3,3.592
HowTo_480P-0d00,3.998
HowTo_480P-0eb3,2.507
HowTo_480P-118d,1.462
HowTo_480P-15c1,3.264
HowTo_480P-187c,3.321
HowTo_480P-221e,3.283
HowTo_480P-2610,2.981
HowTo_480P-32c9,2.51
HowTo_480P-3435,3.93
HowTo_480P-4332,2.356
HowTo_480P-470b,3.858
HowTo_480P-48ac,3.1
HowTo_480P-4948,2.551
HowTo_480P-4a28,3.659
HowTo_480P-4b6a,2.763
HowTo_480P-4c99,2.94
HowTo_480P-56a5,4.085
HowTo_480P-5a3c,3.088
HowTo_480P-60b3,3.576
HowTo_480P-63a2,3.559
HowTo_480P-64a2,2.836
HowTo_480P-7579,4.079
HowTo_480P-7c11,3.267
HowTo_720P-017a,3.762
HowTo_720P-06eb,4.13
HowTo_720P-0a67,4.315
HowTo_720P-0b01,4.111
HowTo_720P-0c47,4.364
HowTo_720P-111e,3.938
HowTo_720P-12f7,3.3
HowTo_720P-21c6,2.838
HowTo_720P-269e,3.643
HowTo_720P-2cc6,2.814
HowTo_720P-3282,3.005
HowTo_720P-37d0,4.429
HowTo_720P-3813,3.072
HowTo_720P-3a5d,2.536
HowTo_720P-479b,3.62
HowTo_720P-483c,3.485
HowTo_720P-4d55,3.947
HowTo_720P-4d9e,3.688
HowTo_720P-6323,3.732
HowTo_720P-6791,2.263
HowTo_720P-7782,3.761
HowTo_720P-7878,3.674
HowTo_720P-7c38,4.074
Lecture_1080P-011f,3.59
Lecture_1080P-0201,3.826
Lecture_1080P-0c8a,4.55
Lecture_1080P-0eb8,3.725
Lecture_1080P-1709,4.172
Lecture_1080P-1969,3.649
Lecture_360P-03bc,2.762
Lecture_360P-051a,2.64
Lecture_360P-114f,4.172
Lecture_360P-20c3,3.133
Lecture_360P-2276,3.742
Lecture_360P-27db,3.092
Lecture_360P-2c55,3.717
Lecture_360P-2d1f,3.62
Lecture_360P-30eb,3.35
Lecture_360P-311d,3.603
Lecture_360P-3590,3.703
Lecture_360P-44c2,3.389
Lecture_360P-4bb4,3.822
Lecture_360P-4f00,3.172
Lecture_360P-506c,3.168
Lecture_360P-5594,3.367
Lecture_360P-5779,3.069
Lecture_360P-5aea,3.088
Lecture_360P-5d0a,3.416
Lecture_360P-63bf,3.267
Lecture_360P-6656,3.458
Lecture_360P-6702,3.819
Lecture_360P-6d29,2.99
Lecture_360P-7550,3.033
Lecture_360P-7a57,3.493
Lecture_360P-7f7e,3.679
Lecture_480P-02f2,3.261
Lecture_480P-10de,3.744
Lecture_480P-11df,3.514
Lecture_480P-181a,1.785
Lecture_480P-1ec3,3.186
Lecture_480P-2513,1.879
Lecture_480P-2655,3.261
Lecture_480P-2ed0,1.453
Lecture_480P-369f,4.193
Lecture_480P-3bdc,3.168
Lecture_480P-41b7,3.328
Lecture_480P-4272,3.457
Lecture_480P-42c3,3.451
Lecture_480P-4bc3,3.93
Lecture_480P-4c86,3.666
Lecture_480P-5aee,2.606
Lecture_480P-5cd7,4.024
Lecture_480P-5f3a,2.324
Lecture_480P-6191,3.502
Lecture_480P-6b1e,3.368
Lecture_480P-71c0,3.249
Lecture_480P-71d6,3.275
Lecture_480P-7205,3.417
Lecture_480P-73f6,3.256
Lecture_480P-74cf,3.428
Lecture_480P-74ea,3.258
Lecture_480P-7d77,3.598
Lecture_480P-7e55,3.538
Lecture_480P-7eec,3.015
Lecture_720P-003a,3.812
Lecture_720P-07e0,4.082
Lecture_720P-094d,3.616
Lecture_720P-0f64,3.58
Lecture_720P-1033,3.541
Lecture_720P-10bc,3.116
Lecture_720P-11e7,2.569
Lecture_720P-1e62,3.958
Lecture_720P-1f22,4.233
Lecture_720P-2442,3.39
Lecture_720P-26df,3.581
Lecture_720P-2b0f,3.852
Lecture_720P-2f38,3.552
Lecture_720P-2f8c,3.839
Lecture_720P-3b7f,4.106
Lecture_720P-3f9f,3.479
Lecture_720P-4c87,3.743
Lecture_720P-50b9,3.579
Lecture_720P-5120,4.295
Lecture_720P-53a1,3.586
Lecture_720P-5725,4.262
Lecture_720P-5c7e,3.846
Lecture_720P-6016,3.043
Lecture_720P-6951,4.163
Lecture_720P-7189,3.869
Lecture_720P-7dcf,3.772
Lecture_720P-7e40,4.246
LiveMusic_1080P-14af,4.45
LiveMusic_1080P-157b,4.36
LiveMusic_1080P-1ace,4.162
LiveMusic_1080P-21dd,3.819
LiveMusic_1080P-28fe,3.693
LiveMusic_1080P-2930,3.776
LiveMusic_1080P-2b7a,3.954
LiveMusic_1080P-2f7f,3.326
LiveMusic_1080P-3549,3.906
LiveMusic_1080P-3e1a,3.248
LiveMusic_1080P-3f95,4.05
LiveMusic_1080P-48d5,4.403
LiveMusic_1080P-514e,3.71
LiveMusic_1080P-51f6,3.819
LiveMusic_1080P-541f,4.174
LiveMusic_1080P-59b3,3.443
LiveMusic_1080P-6b1c,4.255
LiveMusic_1080P-6bbe,4.329
LiveMusic_1080P-6d1a,3.78
LiveMusic_1080P-6fe2,3.281
LiveMusic_1080P-77e8,3.346
LiveMusic_1080P-7948,3.838
LiveMusic_1080P-7ead,3.559
LiveMusic_360P-121f,3.43
LiveMusic_360P-1d94,3.028
LiveMusic_360P-22c5,3.231
LiveMusic_360P-2508,3.004
LiveMusic_360P-265c,2.339
LiveMusic_360P-2b0f,3.401
LiveMusic_360P-3979,1.838
LiveMusic_360P-3b96,2.358
LiveMusic_360P-3be0,1.72
LiveMusic_360P-405c,3.453
LiveMusic_360P-48d5,3.325
LiveMusic_360P-5281,3.596
LiveMusic_360P-54d0,3.559
LiveMusic_360P-5b57,2.773
LiveMusic_360P-6266,3.383
LiveMusic_360P-6640,3.11
LiveMusic_360P-6a65,2.427
LiveMusic_360P-6f93,2.562
LiveMusic_360P-7483,3.063
LiveMusic_360P-7e1c,2.88
LiveMusic_480P-0638,2.909
LiveMusic_480P-1a91,3.173
LiveMusic_480P-2019,3.631
LiveMusic_480P-2a5e,3.089
LiveMusic_480P-331a,2.441
LiveMusic_480P-34be,3.689
LiveMusic_480P-38f3,2.973
LiveMusic_480P-3d03,2.729
LiveMusic_480P-427e,2.454
LiveMusic_480P-459c,2.755
LiveMusic_480P-474a,1.491
LiveMusic_480P-4c3a,2.907
LiveMusic_480P-4f88,3.267
LiveMusic_480P-559d,3.695
LiveMusic_480P-58fb,3.502
LiveMusic_480P-61ef,3.153
LiveMusic_480P-636e,2.178
LiveMusic_480P-6542,3.249
LiveMusic_480P-65ca,3.691
LiveMusic_720P-0cd5,4.042
LiveMusic_720P-0d9f,3.319
LiveMusic_720P-2620,3.721
LiveMusic_720P-267b,3.525
LiveMusic_720P-289b,2.436
LiveMusic_720P-3320,3.45
LiveMusic_720P-364b,4.08
LiveMusic_720P-4ae2,3.285
LiveMusic_720P-58db,4.382
LiveMusic_720P-6343,3.304
LiveMusic_720P-6452,3.098
LiveMusic_720P-653e,3.112
LiveMusic_720P-65f6,4.019
LiveMusic_720P-66df,4.592
LiveMusic_720P-71c5,3.605
LyricVideo_1080P-0075,2.814
LyricVideo_1080P-0625,4.3
LyricVideo_1080P-11f0,2.698
LyricVideo_1080P-12af,4.244
LyricVideo_1080P-16b6,4.381
LyricVideo_1080P-1b04,3.803
LyricVideo_1080P-1d75,4.299
LyricVideo_1080P-23db,2.308
LyricVideo_1080P-28e8,3.268
LyricVideo_1080P-2946,4.177
LyricVideo_1080P-3803,3.95
LyricVideo_1080P-3b60,3.955
LyricVideo_1080P-41ee,4.071
LyricVideo_1080P-4b40,3.636
LyricVideo_1080P-5461,4.031
LyricVideo_1080P-584f,3.188
LyricVideo_1080P-5a1f,4.014
LyricVideo_1080P-63d4,4.221
LyricVideo_1080P-63d9,3.512
LyricVideo_1080P-725e,4.399
LyricVideo_1080P-756a,4.228
LyricVideo_360P-0ac7,2.964
LyricVideo_360P-11eb,3.339
LyricVideo_360P-17ce,2.83
LyricVideo_360P-3afc,2.685
LyricVideo_360P-5868,3.107
LyricVideo_360P-597b,3.05
LyricVideo_360P-5b54,3.069
LyricVideo_360P-5e87,2.999
LyricVideo_360P-64fb,3.092
LyricVideo_360P-7fb1,3.568
LyricVideo_480P-0722,2.619
LyricVideo_480P-0a5b,3.247
LyricVideo_480P-0f72,2.064
LyricVideo_480P-1484,3.145
LyricVideo_480P-1533,3.031
LyricVideo_480P-1ea4,3.622
LyricVideo_480P-200a,3.063
LyricVideo_480P-2c50,2.985
LyricVideo_480P-3b2c,3.472
LyricVideo_480P-3ccf,2.639
LyricVideo_480P-4346,3.193
LyricVideo_480P-51e4,3.179
LyricVideo_480P-5c17,3.344
LyricVideo_480P-6385,2.535
LyricVideo_480P-6f34,3.661
LyricVideo_480P-6fca,2.572
LyricVideo_480P-7919,2.508
LyricVideo_720P-068d,3.825
LyricVideo_720P-081c,4.19
LyricVideo_720P-0940,3.045
LyricVideo_720P-09ed,3.026
LyricVideo_720P-0ae4,3.717
LyricVideo_720P-1c89,3.93
LyricVideo_720P-2d24,4.199
LyricVideo_720P-2f12,3.956
LyricVideo_720P-36fb,3.839
LyricVideo_720P-38ee,4.088
LyricVideo_720P-4253,4.066
LyricVideo_720P-47a9,2.816
LyricVideo_720P-59ed,4.315
LyricVideo_720P-5d3a,3.939
LyricVideo_720P-63c3,4.315
LyricVideo_720P-6f0c,2.803
LyricVideo_720P-6fc9,2.671
LyricVideo_720P-7003,3.615
LyricVideo_720P-739a,2.877
LyricVideo_720P-74a0,4.415
LyricVideo_720P-7f44,4.196
MusicVideo_1080P-04b6,4.288
MusicVideo_1080P-0706,4.084
MusicVideo_1080P-0860,3.963
MusicVideo_1080P-106d,3.259
MusicVideo_1080P-16e6,4.349
MusicVideo_1080P-18f5,3.829
MusicVideo_1080P-1a53,3.577
MusicVideo_1080P-24f5,4.283
MusicVideo_1080P-2b2b,4.436
MusicVideo_1080P-2d1c,3.616
MusicVideo_1080P-34ff,3.658
MusicVideo_1080P-3a50,3.69
MusicVideo_1080P-453f,4.372
MusicVideo_1080P-4671,3.083
MusicVideo_1080P-4b61,3.885
MusicVideo_1080P-5072,4.19
MusicVideo_1080P-55af,3.748
MusicVideo_1080P-59c4,3.529
MusicVideo_1080P-5f03,3.265
MusicVideo_1080P-6260,3.042
MusicVideo_1080P-65c6,4.066
MusicVideo_1080P-6c1d,4.323
MusicVideo_1080P-6c88,3.318
MusicVideo_1080P-6fb1,3.492
MusicVideo_1080P-7265,3.566
MusicVideo_1080P-7706,2.925
MusicVideo_1080P-7736,4.371
MusicVideo_1080P-7f2e,3.75
MusicVideo_360P-08cb,3.401
MusicVideo_360P-17e4,3.233
MusicVideo_360P-24b0,3.512
MusicVideo_360P-2a75,2.754
MusicVideo_360P-2fcb,3.619
MusicVideo_360P-462f,3.51
MusicVideo_360P-4de7,2.968
MusicVideo_360P-5358,3.069
MusicVideo_360P-5578,2.873
MusicVideo_360P-5699,3.776
MusicVideo_360P-5f07,2.921
MusicVideo_360P-5f8d,2.437
MusicVideo_360P-648c,3.272
MusicVideo_360P-7b94,2.44
MusicVideo_480P-001f,3.377
MusicVideo_480P-0448,3.453
MusicVideo_480P-12fb,3.059
MusicVideo_480P-184c,3.726
MusicVideo_480P-1eee,3.061
MusicVideo_480P-2de0,3.47
MusicVideo_480P-3aa2,2.767
MusicVideo_480P-3c8b,2.908
MusicVideo_480P-41ce,3.766
MusicVideo_480P-4802,4.268
MusicVideo_480P-483b,1.539
MusicVideo_480P-4cc8,3.346
MusicVideo_480P-5461,4.272
MusicVideo_480P-5830,3.045
MusicVideo_480P-6026,3.033
MusicVideo_480P-61ba,1.756
MusicVideo_480P-66b2,2.709
MusicVideo_480P-6fb6,3.611
MusicVideo_480P-7643,3.093
MusicVideo_480P-7955,3.509
MusicVideo_720P-0355,1.907
MusicVideo_720P-0752,4.365
MusicVideo_720P-14f0,2.382
MusicVideo_720P-2d7d,2.988
MusicVideo_720P-3698,4.378
MusicVideo_720P-3b11,3.6
MusicVideo_720P-3c4c,4.135
MusicVideo_720P-4179,3.535
MusicVideo_720P-44c1,4.499
MusicVideo_720P-4895,4.173
MusicVideo_720P-4ad2,3.756
MusicVideo_720P-575d,3.242
MusicVideo_720P-5c9c,2.471
MusicVideo_720P-62df,4.246
MusicVideo_720P-734f,3.848
MusicVideo_720P-7501,2.598
MusicVideo_720P-7bcf,3.536
NewsClip_1080P-00c3,4.421
NewsClip_1080P-02fd,4.159
NewsClip_1080P-06df,4.489
NewsClip_1080P-0abf,3.672
NewsClip_1080P-0f9a,4.026
NewsClip_1080P-1db0,4.141
NewsClip_1080P-22b3,3.812
NewsClip_1080P-25ea,4.291
NewsClip_1080P-27fb,4.002
NewsClip_1080P-2eb0,4.484
NewsClip_1080P-3427,4.382
NewsClip_1080P-392e,4.423
NewsClip_1080P-3c7c,4.462
NewsClip_1080P-3cc6,3.557
NewsClip_1080P-4241,3.936
NewsClip_1080P-48ae,3.887
NewsClip_1080P-512d,3.607
NewsClip_1080P-5386,3.935
NewsClip_1080P-5a5b,2.717
NewsClip_1080P-5aa7,4.296
NewsClip_1080P-5b53,4.45
NewsClip_1080P-5be1,4.065
NewsClip_1080P-5c61,3.405
NewsClip_1080P-632e,3.517
NewsClip_1080P-6708,3.222
NewsClip_1080P-6739,2.987
NewsClip_1080P-67dc,3.977
NewsClip_1080P-6e81,4.223
NewsClip_1080P-741f,3.928
NewsClip_1080P-7816,3.855
NewsClip_1080P-7f69,3.705
NewsClip_360P-0376,3.095
NewsClip_360P-0ab8,2.685
NewsClip_360P-0c17,2.968
NewsClip_360P-0ff8,3.518
NewsClip_360P-1093,3.1
NewsClip_360P-12fc,2.902
NewsClip_360P-1b1c,3.514
NewsClip_360P-1e1c,3.254
NewsClip_360P-1eae,3.467
NewsClip_360P-22ce,2.698
NewsClip_360P-274e,3.332
NewsClip_360P-2986,2.902
NewsClip_360P-2c91,2.859
NewsClip_360P-311a,2.447
NewsClip_360P-3451,2.121
NewsClip_360P-4288,3.393
NewsClip_360P-439a,3.282
NewsClip_360P-4417,2.924
NewsClip_360P-5052,2.095
NewsClip_360P-5752,3.346
NewsClip_360P-5bcc,2.864
NewsClip_360P-5f3b,2.298
NewsClip_360P-66ae,3.218
NewsClip_360P-67ce,3.196
NewsClip_360P-7a96,2.291
NewsClip_480P-0269,3.04
NewsClip_480P-0ce5,3.265
NewsClip_480P-15fa,3.581
NewsClip_480P-2407,2.688
NewsClip_480P-2642,2.688
NewsClip_480P-28eb,2.998
NewsClip_480P-2b9b,2.421
NewsClip_480P-2ba7,2.791
NewsClip_480P-2fb7,3.023
NewsClip_480P-31bd,3.61
NewsClip_480P-3672,3.802
NewsClip_480P-36d0,3.764
NewsClip_480P-4072,2.481
NewsClip_480P-41b1,3.623
NewsClip_480P-437c,3.011
NewsClip_480P-49c9,3.975
NewsClip_480P-4a9f,2.983
NewsClip_480P-4e77,3.45
NewsClip_480P-543f,3.423
NewsClip_480P-5a3b,2.237
NewsClip_480P-5e7f,3.105
NewsClip_480P-606e,2.921
NewsClip_480P-6615,3.51
NewsClip_480P-696e,3.102
NewsClip_480P-6bfa,3.793
NewsClip_480P-7232,2.991
NewsClip_480P-72b8,3.407
NewsClip_480P-7315,2.937
NewsClip_480P-7a0d,3.754
NewsClip_720P-04ba,3.49
NewsClip_720P-0c81,3.893
NewsClip_720P-1971,4.272
NewsClip_720P-2182,3.494
NewsClip_720P-23e0,4.11
NewsClip_720P-2882,3.667
NewsClip_720P-35d9,3.017
NewsClip_720P-37f7,3.716
NewsClip_720P-4603,3.454
NewsClip_720P-4e87,4.368
NewsClip_720P-5564,4.377
NewsClip_720P-5787,4.483
NewsClip_720P-579b,2.866
NewsClip_720P-5d89,4.48
NewsClip_720P-6016,4.522
NewsClip_720P-6106,2.996
NewsClip_720P-672c,3.987
NewsClip_720P-6a19,3.547
NewsClip_720P-6aa6,4.363
NewsClip_720P-6cde,4.297
NewsClip_720P-72d2,4.357
NewsClip_720P-7345,3.97
NewsClip_720P-739b,4.007
NewsClip_720P-7745,4.528
NewsClip_720P-7b7e,4.145
NewsClip_720P-7b97,2.803
NewsClip_720P-7c67,4.434
NewsClip_720P-7e56,4.41
Sports_1080P-0063,3.447
Sports_1080P-0640,3.524
Sports_1080P-08e1,4.224
Sports_1080P-0d0c,3.98
Sports_1080P-15d1,4.57
Sports_1080P-19d8,4.472
Sports_1080P-1ae3,3.352
Sports_1080P-1bf7,4.49
Sports_1080P-1d78,3.378
Sports_1080P-241e,4.411
Sports_1080P-2524,3.662
Sports_1080P-28a6,4.452
Sports_1080P-2a21,3.231
Sports_1080P-3a3b,3.669
Sports_1080P-3db7,4.021
Sports_1080P-3eb0,3.819
Sports_1080P-43e2,4.414
Sports_1080P-46ed,3.493
Sports_1080P-47e9,4.106
Sports_1080P-4978,4.341
Sports_1080P-49c5,4.142
Sports_1080P-4e05,3.445
Sports_1080P-53a0,3.429
Sports_1080P-5d25,3.478
Sports_1080P-6571,3.652
Sports_1080P-6710,4.335
Sports_1080P-679d,4.366
Sports_1080P-7203,3.91
Sports_1080P-7584,3.755
Sports_1080P-76a2,4.054
Sports_1080P-7dba,3.718
Sports_2160P-0455,4.287
Sports_2160P-086d,4.376
Sports_2160P-1261,4.114
Sports_2160P-1733,4.373
Sports_2160P-1b70,4.508
Sports_2160P-1ddc,3.466
Sports_2160P-210c,4.462
Sports_2160P-2568,4.401
Sports_2160P-2626,4.388
Sports_2160P-279f,4.526
Sports_2160P-2a83,4.002
Sports_2160P-2e1d,4.457
Sports_2160P-2eda,4.307
Sports_2160P-300d,3.67
Sports_2160P-324e,4.317
Sports_2160P-349c,4.302
Sports_2160P-3794,3.158
Sports_2160P-391a,4.281
Sports_2160P-3a9a,3.633
Sports_2160P-3d85,4.517
Sports_2160P-4024,4.054
Sports_2160P-4201,4.012
Sports_2160P-49f1,4.287
Sports_2160P-4aae,4.323
Sports_2160P-4e9f,4.405
Sports_2160P-5ef3,4.209
Sports_2160P-69b9,4.564
Sports_2160P-6b28,4.391
Sports_2160P-7165,4.351
Sports_2160P-7a11,4.373
Sports_2160P-7af7,3.95
Sports_2160P-7af8,3.563
Sports_2160P-7bbe,4.343
Sports_360P-02c3,3.396
Sports_360P-0c66,3.097
Sports_360P-0dda,2.868
Sports_360P-11b7,2.401
Sports_360P-12ee,3.869
Sports_360P-1803,3.593
Sports_360P-1a23,3.844
Sports_360P-1d5c,3.781
Sports_360P-2725,2.862
Sports_360P-27b0,2.82
Sports_360P-2ace,3.444
Sports_360P-2e48,2.744
Sports_360P-301d,3.667
Sports_360P-32d3,3.012
Sports_360P-35e1,3.887
Sports_360P-3960,2.787
Sports_360P-3e68,2.508
Sports_360P-4545,2.432
Sports_360P-46c6,3.378
Sports_360P-4802,2.582
Sports_360P-4ad7,2.327
Sports_360P-50fd,3.011
Sports_360P-5252,2.538
Sports_360P-5ded,3.784
Sports_360P-61f6,3.393
Sports_360P-65f3,2.826
Sports_360P-6b4f,2.981
Sports_360P-6c6f,2.556
Sports_360P-6cfd,2.999
Sports_360P-6f62,3.594
Sports_360P-7f50,1.963
Sports_480P-0623,3.106
Sports_480P-0827,2.914
Sports_480P-0af9,3.765
Sports_480P-0bb9,3.419
Sports_480P-0efe,3.673
Sports_480P-1019,3.316
Sports_480P-1056,3.149
Sports_480P-11ec,1.612
Sports_480P-1396,3.459
Sports_480P-19e4,3.835
Sports_480P-1d1b,2.177
Sports_480P-1fe9,1.706
Sports_480P-2053,3.149
Sports_480P-211f,2.715
Sports_480P-2dfe,2.401
Sports_480P-3195,3.537
Sports_480P-3404,3.533
Sports_480P-35ea,3.668
Sports_480P-3ca4,2.389
Sports_480P-3dfd,3.498
Sports_480P-3f50,4.234
Sports_480P-41a5,1.97
Sports_480P-44e5,3.17
Sports_480P-4cf8,2.023
Sports_480P-5224,2.866
Sports_480P-5871,2.698
Sports_480P-5f38,3.771
Sports_480P-6508,3.448
Sports_480P-6e41,3.306
Sports_480P-77e3,3.053
Sports_480P-7f7e,1.953
Sports_720P-00a1,4.061
Sports_720P-0104,4.223
Sports_720P-058f,4.28
Sports_720P-07d0,3.863
Sports_720P-0b9e,3.942
Sports_720P-17fb,3.591
Sports_720P-2191,3.789
Sports_720P-2234,4.16
Sports_720P-2632,3.884
Sports_720P-2c06,3.978
Sports_720P-2c80,3.136
Sports_720P-3072,3.18
Sports_720P-3338,4.483
Sports_720P-33c6,2.985
Sports_720P-38a1,3.165
Sports_720P-3eb4,3.802
Sports_720P-3ffe,3.011
Sports_720P-4b69,3.903
Sports_720P-4c6f,4.105
Sports_720P-50cf,3.372
Sports_720P-531c,4.555
Sports_720P-5833,3.205
Sports_720P-5ae1,4.333
Sports_720P-5bfd,4.677
Sports_720P-5e39,3.685
Sports_720P-5ea4,4.238
Sports_720P-62ba,2.965
Sports_720P-6365,4.047
Sports_720P-675b,3.201
Sports_720P-69a0,3.878
Sports_720P-6bb7,3.882
Sports_720P-6d04,3.783
Sports_720P-7ba7,3.566
TelevisionClip_1080P-0432,3.606
TelevisionClip_1080P-0604,3.765
TelevisionClip_1080P-3758,4.313
TelevisionClip_1080P-39e3,4.607
TelevisionClip_1080P-3b9b,4.251
TelevisionClip_1080P-3d10,4.052
TelevisionClip_1080P-3d83,3.382
TelevisionClip_1080P-3e42,1.989
TelevisionClip_1080P-401e,4.227
TelevisionClip_1080P-474b,3.581
TelevisionClip_1080P-4ad8,3.705
TelevisionClip_1080P-4c24,4.334
TelevisionClip_1080P-4c94,3.08
TelevisionClip_1080P-4ffb,2.898
TelevisionClip_1080P-525d,4.273
TelevisionClip_1080P-5278,4.099
TelevisionClip_1080P-58c5,3.766
TelevisionClip_1080P-5e68,4.604
TelevisionClip_1080P-5f62,3.925
TelevisionClip_1080P-6026,4.415
TelevisionClip_1080P-6282,4.199
TelevisionClip_1080P-63e6,4.228
TelevisionClip_1080P-64e2,3.791
TelevisionClip_1080P-68c6,4.561
TelevisionClip_1080P-7eff,4.144
TelevisionClip_360P-0951,2.511
TelevisionClip_360P-11d5,2.842
TelevisionClip_360P-29f1,2.581
TelevisionClip_360P-3b9a,2.883
TelevisionClip_360P-74dd,3.58
TelevisionClip_360P-7b23,2.997
TelevisionClip_480P-09d8,2.908
TelevisionClip_480P-0d89,3.231
TelevisionClip_480P-0e46,2.881
TelevisionClip_480P-19d3,3.442
TelevisionClip_480P-1b49,3.183
TelevisionClip_480P-27ca,3.475
TelevisionClip_480P-280f,3.489
TelevisionClip_480P-2ead,2.371
TelevisionClip_480P-30b6,2.609
TelevisionClip_480P-3284,3.169
TelevisionClip_480P-3617,2.312
TelevisionClip_480P-373d,3.044
TelevisionClip_480P-3c64,3.456
TelevisionClip_480P-415c,3.544
TelevisionClip_480P-436c,2.823
TelevisionClip_480P-4c6b,3.85
TelevisionClip_480P-59f0,2.896
TelevisionClip_480P-723e,2.882
TelevisionClip_720P-1862,3.238
TelevisionClip_720P-19de,4.346
TelevisionClip_720P-1b61,4.299
TelevisionClip_720P-2b20,4.437
TelevisionClip_720P-31ce,4.324
TelevisionClip_720P-3f4c,2.515
TelevisionClip_720P-44d1,3.839
TelevisionClip_720P-4af1,3.213
TelevisionClip_720P-4edb,4.015
TelevisionClip_720P-522a,4.233
TelevisionClip_720P-5e93,4.292
TelevisionClip_720P-7c06,4.396
VerticalVideo_1080P-04d4,4.15
VerticalVideo_1080P-1105,3.828
VerticalVideo_1080P-1ac1,3.979
VerticalVideo_1080P-1c86,1.848
VerticalVideo_1080P-2053,4.328
VerticalVideo_1080P-2195,2.891
VerticalVideo_1080P-2f00,4.36
VerticalVideo_1080P-30b0,3.339
VerticalVideo_1080P-34ba,3.382
VerticalVideo_1080P-360f,4.189
VerticalVideo_1080P-3709,4.367
VerticalVideo_1080P-3a9b,4.432
VerticalVideo_1080P-3d96,4.452
VerticalVideo_1080P-4591,3.439
VerticalVideo_1080P-4925,4.496
VerticalVideo_1080P-4b92,4.119
VerticalVideo_1080P-4da5,4.257
VerticalVideo_1080P-6e19,2.84
VerticalVideo_1080P-73b6,4.034
VerticalVideo_1080P-766b,3.305
VerticalVideo_1080P-7c5c,3.78
VerticalVideo_1080P-7cf3,3.955
VerticalVideo_2160P-6d62,4.199
VerticalVideo_360P-0d29,2.809
VerticalVideo_360P-1424,3.732
VerticalVideo_360P-145e,2.606
VerticalVideo_360P-2bb0,3.073
VerticalVideo_360P-2f15,3.442
VerticalVideo_360P-2fa3,4.331
VerticalVideo_360P-3936,3.794
VerticalVideo_360P-3b4e,3.576
VerticalVideo_360P-42f1,3.603
VerticalVideo_360P-49de,3.223
VerticalVideo_360P-52c1,2.352
VerticalVideo_360P-5429,3.616
VerticalVideo_360P-54f7,4.146
VerticalVideo_360P-579c,3.058
VerticalVideo_360P-634f,4.523
VerticalVideo_360P-6490,2.973
VerticalVideo_360P-694d,3.454
VerticalVideo_360P-6ff2,3.543
VerticalVideo_360P-70a9,2.814
VerticalVideo_360P-7ba8,3.563
VerticalVideo_360P-7ec3,3.909
VerticalVideo_480P-0b07,4.306
VerticalVideo_480P-1bb9,3.825
VerticalVideo_480P-2aa1,4.402
VerticalVideo_480P-2fa4,4.133
VerticalVideo_480P-34b9,3.527
VerticalVideo_480P-3a6a,4.337
VerticalVideo_480P-40c5,3.157
VerticalVideo_480P-419c,3.78
VerticalVideo_480P-467e,3.383
VerticalVideo_480P-5168,4.532
VerticalVideo_480P-51b7,2.299
VerticalVideo_480P-5351,2.992
VerticalVideo_480P-550d,3.832
VerticalVideo_480P-572a,3.499
VerticalVideo_480P-7278,3.005
VerticalVideo_480P-729c,3.609
VerticalVideo_480P-790a,4.248
VerticalVideo_720P-0750,3.71
VerticalVideo_720P-0dac,2.934
VerticalVideo_720P-0f61,4.522
VerticalVideo_720P-19fa,4.269
VerticalVideo_720P-1ada,3.532
VerticalVideo_720P-2efc,3.523
VerticalVideo_720P-3df7,3.602
VerticalVideo_720P-42f2,3.199
VerticalVideo_720P-44de,4.261
VerticalVideo_720P-456c,3.711
VerticalVideo_720P-4730,4.107
VerticalVideo_720P-4ca7,4.442
VerticalVideo_720P-57eb,4.068
VerticalVideo_720P-5f7d,3.39
VerticalVideo_720P-6580,2.979
VerticalVideo_720P-665d,4.023
VerticalVideo_720P-669d,4.176
VerticalVideo_720P-6bf7,4.261
VerticalVideo_720P-7517,4.271
VerticalVideo_720P-7859,3.603
VerticalVideo_720P-7c1d,4.502
Vlog_1080P-010b,4.185
Vlog_1080P-04fe,3.12
Vlog_1080P-1609,2.528
Vlog_1080P-18da,4.442
Vlog_1080P-19bb,3.076
Vlog_1080P-19cc,3.921
Vlog_1080P-1a53,4.474
Vlog_1080P-1df9,4.134
Vlog_1080P-1e70,2.442
Vlog_1080P-1f0a,3.872
Vlog_1080P-21f5,3.327
Vlog_1080P-232f,2.812
Vlog_1080P-2394,4.641
Vlog_1080P-23cb,3.069
Vlog_1080P-25de,1.914
Vlog_1080P-2600,3.882
Vlog_1080P-26dc,3.685
Vlog_1080P-290d,4.531
Vlog_1080P-2cda,4.429
Vlog_1080P-322f,3.558
Vlog_1080P-34cb,2.428
Vlog_1080P-35cd,3.196
Vlog_1080P-3744,3.948
Vlog_1080P-37cf,2.765
Vlog_1080P-45c9,2.888
Vlog_1080P-4921,4.031
Vlog_1080P-4a91,1.431
Vlog_1080P-4ba9,3.908
Vlog_1080P-4f26,3.962
Vlog_1080P-52fe,3.838
Vlog_1080P-58ad,3.747
Vlog_1080P-5904,4.365
Vlog_1080P-5a19,3.596
Vlog_1080P-5c65,2.998
Vlog_1080P-5f28,2.811
Vlog_1080P-5f50,4.422
Vlog_1080P-62fc,4.255
Vlog_1080P-634b,3.836
Vlog_1080P-64b6,4.192
Vlog_1080P-6686,3.926
Vlog_1080P-687a,3.374
Vlog_1080P-6980,3.344
Vlog_1080P-7062,3.944
Vlog_1080P-75b0,3.438
Vlog_1080P-7b67,3.139
Vlog_1080P-7e8c,3.042
Vlog_2160P-0289,4.499
Vlog_2160P-030a,2.448
Vlog_2160P-03a9,4.263
Vlog_2160P-0577,4.27
Vlog_2160P-059c,4.441
Vlog_2160P-09c9,2.876
Vlog_2160P-0fb2,4.537
Vlog_2160P-1021,2.938
Vlog_2160P-11c0,3.19
Vlog_2160P-13a1,3.859
Vlog_2160P-13fe,3.992
Vlog_2160P-19f9,3.919
Vlog_2160P-1ff6,3.29
Vlog_2160P-217c,3.202
Vlog_2160P-255c,4.443
Vlog_2160P-266c,2.846
Vlog_2160P-26ef,3.887
Vlog_2160P-2953,3.467
Vlog_2160P-2b2d,3.906
Vlog_2160P-2b61,3.897
Vlog_2160P-3019,4.578
Vlog_2160P-310b,3.857
Vlog_2160P-327a,3.983
Vlog_2160P-342a,4.321
Vlog_2160P-360d,3.828
Vlog_2160P-3a75,4.212
Vlog_2160P-408f,3.79
Vlog_2160P-416c,4.019
Vlog_2160P-4362,4.554
Vlog_2160P-4419,4.324
Vlog_2160P-4655,3.887
Vlog_2160P-4f98,3.47
Vlog_2160P-522f,4.324
Vlog_2160P-56e4,4.289
Vlog_2160P-5874,4.101
Vlog_2160P-6195,4.282
Vlog_2160P-62b2,3.39
Vlog_2160P-6629,4.27
Vlog_2160P-6bf1,3.39
Vlog_2160P-6f92,3.886
Vlog_2160P-700c,3.881
Vlog_2160P-70d6,3.067
Vlog_2160P-7295,4.182
Vlog_2160P-7324,4.194
Vlog_2160P-77d8,3.667
Vlog_2160P-7b10,3.864
Vlog_2160P-7b5c,3.61
Vlog_2160P-7bfb,4.206
Vlog_2160P-7f05,3.111
Vlog_2160P-7f9f,3.346
Vlog_360P-0432,2.855
Vlog_360P-1b4c,3.182
Vlog_360P-1e5b,3.266
Vlog_360P-22a0,3.286
Vlog_360P-2973,2.902
Vlog_360P-2e9d,2.746
Vlog_360P-3121,2.775
Vlog_360P-3bc2,3.944
Vlog_360P-433e,3.198
Vlog_360P-435d,3.261
Vlog_360P-4697,3.551
Vlog_360P-4795,2.479
Vlog_360P-4ad1,3.016
Vlog_360P-4d71,3.052
Vlog_360P-5f43,3.189
Vlog_360P-6279,3.26
Vlog_360P-7334,3.266
Vlog_360P-76ae,2.606
Vlog_360P-7efe,2.912
Vlog_480P-016e,3.732
Vlog_480P-08c7,3.591
Vlog_480P-0980,2.755
Vlog_480P-0ddc,4.075
Vlog_480P-1b39,2.325
Vlog_480P-1c86,2.813
Vlog_480P-206f,2.779
Vlog_480P-279d,3.373
Vlog_480P-2cad,3.244
Vlog_480P-34ba,3.666
Vlog_480P-476b,3.431
Vlog_480P-4beb,2.512
Vlog_480P-5275,3.12
Vlog_480P-535d,2.846
Vlog_480P-59dc,3.206
Vlog_480P-5a31,3.19
Vlog_480P-5dfe,3.8
Vlog_480P-5e1c,2.581
Vlog_480P-5ebd,3.637
Vlog_480P-6395,3.755
Vlog_480P-6c60,2.487
Vlog_480P-7105,3.119
Vlog_480P-7237,3.89
Vlog_480P-7615,2.588
Vlog_480P-7754,3.944
Vlog_480P-7d0c,3.577
Vlog_480P-7ecf,2.9
Vlog_720P-033a,4.302
Vlog_720P-03d5,3.605
Vlog_720P-03f9,3.972
Vlog_720P-0d79,3.805
Vlog_720P-1003,3.604
Vlog_720P-11c5,3.816
Vlog_720P-131e,3.855
Vlog_720P-135c,3.872
Vlog_720P-141f,3.128
Vlog_720P-155f,4.316
Vlog_720P-1757,4.084
Vlog_720P-2929,3.918
Vlog_720P-313f,3.654
Vlog_720P-329f,3.7
Vlog_720P-32b2,4.365
Vlog_720P-343d,3.667
Vlog_720P-372d,4.047
Vlog_720P-3e9c,3.882
Vlog_720P-4e3d,2.743
Vlog_720P-5364,2.794
Vlog_720P-55b6,4.211
Vlog_720P-561e,4.438
Vlog_720P-5d08,3.783
Vlog_720P-60f8,4.335
Vlog_720P-6410,3.18
Vlog_720P-6d56,3.776
Vlog_720P-7b30,3.7
